지점,지점명,일시,평균기온(°C)
108,서울,2010-01-01,-7.6
108,서울,2010-01-02,-3.6
108,서울,2010-01-03,-6.8
108,서울,2010-01-04,-5.9
108,서울,2010-01-05,-9.9
108,서울,2010-01-06,-11.2
108,서울,2010-01-07,-10.1
108,서울,2010-01-08,-8
108,서울,2010-01-09,-5.1
108,서울,2010-01-10,-3.4
108,서울,2010-01-11,-5.2
108,서울,2010-01-12,-10.3
108,서울,2010-01-13,-13.2
108,서울,2010-01-14,-9.1
108,서울,2010-01-15,-5
108,서울,2010-01-16,-6.4
108,서울,2010-01-17,-4
108,서울,2010-01-18,-.5
108,서울,2010-01-19,2.7
108,서울,2010-01-20,5.8
108,서울,2010-01-21,-4.1
108,서울,2010-01-22,-7
108,서울,2010-01-23,-5.3
108,서울,2010-01-24,.3
108,서울,2010-01-25,-3
108,서울,2010-01-26,-4.1
108,서울,2010-01-27,-.2
108,서울,2010-01-28,-.4
108,서울,2010-01-29,-2.1
108,서울,2010-01-30,1.5
108,서울,2010-01-31,1.8
108,서울,2010-02-01,.8
108,서울,2010-02-02,-6.2
108,서울,2010-02-03,-8
108,서울,2010-02-04,-4.3
108,서울,2010-02-05,-5.5
108,서울,2010-02-06,-4.7
108,서울,2010-02-07,.7
108,서울,2010-02-08,4
108,서울,2010-02-09,3.7
108,서울,2010-02-10,3.9
108,서울,2010-02-11,.6
108,서울,2010-02-12,-.3
108,서울,2010-02-13,-2.3
108,서울,2010-02-14,-2.2
108,서울,2010-02-15,-3.1
108,서울,2010-02-16,-4.5
108,서울,2010-02-17,-3.2
108,서울,2010-02-18,-2.9
108,서울,2010-02-19,-1
108,서울,2010-02-20,3
108,서울,2010-02-21,4.8
108,서울,2010-02-22,6.5
108,서울,2010-02-23,8.2
108,서울,2010-02-24,12.2
108,서울,2010-02-25,12
108,서울,2010-02-26,12
108,서울,2010-02-27,8.6
108,서울,2010-02-28,6.8
108,서울,2010-03-01,2.9
108,서울,2010-03-02,2.7
108,서울,2010-03-03,4.4
108,서울,2010-03-04,5.5
108,서울,2010-03-05,6.4
108,서울,2010-03-06,6
108,서울,2010-03-07,4.9
108,서울,2010-03-08,4.1
108,서울,2010-03-09,1.5
108,서울,2010-03-10,-1.4
108,서울,2010-03-11,2.3
108,서울,2010-03-12,5.8
108,서울,2010-03-13,2.4
108,서울,2010-03-14,7.2
108,서울,2010-03-15,7.9
108,서울,2010-03-16,.7
108,서울,2010-03-17,-.1
108,서울,2010-03-18,.5
108,서울,2010-03-19,4.5
108,서울,2010-03-20,6.8
108,서울,2010-03-21,2.7
108,서울,2010-03-22,2.1
108,서울,2010-03-23,5.9
108,서울,2010-03-24,8.7
108,서울,2010-03-25,5
108,서울,2010-03-26,2
108,서울,2010-03-27,5.4
108,서울,2010-03-28,4.1
108,서울,2010-03-29,5.8
108,서울,2010-03-30,8.3
108,서울,2010-03-31,7.3
108,서울,2010-04-01,7
108,서울,2010-04-02,5.5
108,서울,2010-04-03,5
108,서울,2010-04-04,7.7
108,서울,2010-04-05,10.4
108,서울,2010-04-06,8.5
108,서울,2010-04-07,7.3
108,서울,2010-04-08,9.1
108,서울,2010-04-09,11.4
108,서울,2010-04-10,10.7
108,서울,2010-04-11,13.6
108,서울,2010-04-12,13.2
108,서울,2010-04-13,4.4
108,서울,2010-04-14,4
108,서울,2010-04-15,7
108,서울,2010-04-16,8
108,서울,2010-04-17,7.6
108,서울,2010-04-18,12
108,서울,2010-04-19,14.7
108,서울,2010-04-20,16.8
108,서울,2010-04-21,14.1
108,서울,2010-04-22,10.7
108,서울,2010-04-23,9.3
108,서울,2010-04-24,11.1
108,서울,2010-04-25,13.6
108,서울,2010-04-26,12.4
108,서울,2010-04-27,7.5
108,서울,2010-04-28,5
108,서울,2010-04-29,8.5
108,서울,2010-04-30,9.6
108,서울,2010-05-01,12.3
108,서울,2010-05-02,17.2
108,서울,2010-05-03,18.2
108,서울,2010-05-04,20.2
108,서울,2010-05-05,20.6
108,서울,2010-05-06,13.4
108,서울,2010-05-07,14.6
108,서울,2010-05-08,16.7
108,서울,2010-05-09,19
108,서울,2010-05-10,16.1
108,서울,2010-05-11,12.9
108,서울,2010-05-12,13.8
108,서울,2010-05-13,16
108,서울,2010-05-14,18
108,서울,2010-05-15,17
108,서울,2010-05-16,18.2
108,서울,2010-05-17,20.3
108,서울,2010-05-18,17.3
108,서울,2010-05-19,17.1
108,서울,2010-05-20,19.5
108,서울,2010-05-21,22.1
108,서울,2010-05-22,20.1
108,서울,2010-05-23,16.1
108,서울,2010-05-24,13.1
108,서울,2010-05-25,14.9
108,서울,2010-05-26,17.4
108,서울,2010-05-27,17.4
108,서울,2010-05-28,17.3
108,서울,2010-05-29,18.7
108,서울,2010-05-30,18.9
108,서울,2010-05-31,17.3
108,서울,2010-06-01,19.1
108,서울,2010-06-02,21
108,서울,2010-06-03,21.1
108,서울,2010-06-04,22.3
108,서울,2010-06-05,23.3
108,서울,2010-06-06,24.9
108,서울,2010-06-07,25.4
108,서울,2010-06-08,25.7
108,서울,2010-06-09,26
108,서울,2010-06-10,26.5
108,서울,2010-06-11,25.6
108,서울,2010-06-12,17.9
108,서울,2010-06-13,22
108,서울,2010-06-14,22.8
108,서울,2010-06-15,24.4
108,서울,2010-06-16,22.3
108,서울,2010-06-17,24
108,서울,2010-06-18,25.9
108,서울,2010-06-19,23
108,서울,2010-06-20,23
108,서울,2010-06-21,22.2
108,서울,2010-06-22,21.6
108,서울,2010-06-23,23
108,서울,2010-06-24,24.4
108,서울,2010-06-25,26.7
108,서울,2010-06-26,24.8
108,서울,2010-06-27,21.8
108,서울,2010-06-28,24.6
108,서울,2010-06-29,23.9
108,서울,2010-06-30,22.8
108,서울,2010-07-01,26.1
108,서울,2010-07-02,24.9
108,서울,2010-07-03,24.1
108,서울,2010-07-04,26.5
108,서울,2010-07-05,26.1
108,서울,2010-07-06,26
108,서울,2010-07-07,25.6
108,서울,2010-07-08,24.7
108,서울,2010-07-09,24.9
108,서울,2010-07-10,25.6
108,서울,2010-07-11,23.8
108,서울,2010-07-12,25.1
108,서울,2010-07-13,26.1
108,서울,2010-07-14,24.8
108,서울,2010-07-15,26
108,서울,2010-07-16,23.7
108,서울,2010-07-17,23.2
108,서울,2010-07-18,25.9
108,서울,2010-07-19,26.7
108,서울,2010-07-20,28.2
108,서울,2010-07-21,27.8
108,서울,2010-07-22,27.1
108,서울,2010-07-23,24.4
108,서울,2010-07-24,25.6
108,서울,2010-07-25,26
108,서울,2010-07-26,25.4
108,서울,2010-07-27,26.9
108,서울,2010-07-28,27
108,서울,2010-07-29,26.8
108,서울,2010-07-30,27
108,서울,2010-07-31,27
108,서울,2010-08-01,27.5
108,서울,2010-08-02,27.3
108,서울,2010-08-03,27.6
108,서울,2010-08-04,28.1
108,서울,2010-08-05,29.2
108,서울,2010-08-06,28.3
108,서울,2010-08-07,26.2
108,서울,2010-08-08,27.3
108,서울,2010-08-09,28.6
108,서울,2010-08-10,26.5
108,서울,2010-08-11,28.2
108,서울,2010-08-12,23.7
108,서울,2010-08-13,26
108,서울,2010-08-14,26.9
108,서울,2010-08-15,26.6
108,서울,2010-08-16,24.8
108,서울,2010-08-17,26.3
108,서울,2010-08-18,26
108,서울,2010-08-19,28.5
108,서울,2010-08-20,28.6
108,서울,2010-08-21,28.6
108,서울,2010-08-22,28.7
108,서울,2010-08-23,26.4
108,서울,2010-08-24,23.7
108,서울,2010-08-25,21.6
108,서울,2010-08-26,24
108,서울,2010-08-27,25.8
108,서울,2010-08-28,25.5
108,서울,2010-08-29,23.7
108,서울,2010-08-30,25.8
108,서울,2010-08-31,24.9
108,서울,2010-09-01,26
108,서울,2010-09-02,24
108,서울,2010-09-03,25.4
108,서울,2010-09-04,26.8
108,서울,2010-09-05,25.1
108,서울,2010-09-06,25.5
108,서울,2010-09-07,26.3
108,서울,2010-09-08,22.7
108,서울,2010-09-09,20.9
108,서울,2010-09-10,24
108,서울,2010-09-11,23.7
108,서울,2010-09-12,22.8
108,서울,2010-09-13,23.9
108,서울,2010-09-14,24
108,서울,2010-09-15,24.7
108,서울,2010-09-16,24.5
108,서울,2010-09-17,24.3
108,서울,2010-09-18,25.2
108,서울,2010-09-19,20.8
108,서울,2010-09-20,21.7
108,서울,2010-09-21,21.4
108,서울,2010-09-22,16.7
108,서울,2010-09-23,17
108,서울,2010-09-24,17.6
108,서울,2010-09-25,18.6
108,서울,2010-09-26,18.6
108,서울,2010-09-27,19
108,서울,2010-09-28,15.6
108,서울,2010-09-29,13
108,서울,2010-09-30,14.6
108,서울,2010-10-01,16
108,서울,2010-10-02,16
108,서울,2010-10-03,17
108,서울,2010-10-04,14
108,서울,2010-10-05,15
108,서울,2010-10-06,16.1
108,서울,2010-10-07,17.3
108,서울,2010-10-08,18.9
108,서울,2010-10-09,19.4
108,서울,2010-10-10,18.5
108,서울,2010-10-11,18.3
108,서울,2010-10-12,16.6
108,서울,2010-10-13,15.7
108,서울,2010-10-14,15.7
108,서울,2010-10-15,13.1
108,서울,2010-10-16,16
108,서울,2010-10-17,15.6
108,서울,2010-10-18,13.9
108,서울,2010-10-19,15.9
108,서울,2010-10-20,15.2
108,서울,2010-10-21,15.8
108,서울,2010-10-22,16.9
108,서울,2010-10-23,15.9
108,서울,2010-10-24,17.2
108,서울,2010-10-25,9.9
108,서울,2010-10-26,4
108,서울,2010-10-27,5.6
108,서울,2010-10-28,7.2
108,서울,2010-10-29,9.6
108,서울,2010-10-30,11.7
108,서울,2010-10-31,12
108,서울,2010-11-01,11.4
108,서울,2010-11-02,5
108,서울,2010-11-03,7.2
108,서울,2010-11-04,10.6
108,서울,2010-11-05,11.2
108,서울,2010-11-06,12.7
108,서울,2010-11-07,12.3
108,서울,2010-11-08,7
108,서울,2010-11-09,2.9
108,서울,2010-11-10,4.1
108,서울,2010-11-11,9.3
108,서울,2010-11-12,8.9
108,서울,2010-11-13,11.1
108,서울,2010-11-14,5.8
108,서울,2010-11-15,1.4
108,서울,2010-11-16,3.7
108,서울,2010-11-17,6.5
108,서울,2010-11-18,6.5
108,서울,2010-11-19,5.9
108,서울,2010-11-20,7.9
108,서울,2010-11-21,11
108,서울,2010-11-22,6.2
108,서울,2010-11-23,5.9
108,서울,2010-11-24,6.3
108,서울,2010-11-25,3.1
108,서울,2010-11-26,.4
108,서울,2010-11-27,1.3
108,서울,2010-11-28,-1.3
108,서울,2010-11-29,3.2
108,서울,2010-11-30,7.3
108,서울,2010-12-01,7.2
108,서울,2010-12-02,9.5
108,서울,2010-12-03,0
108,서울,2010-12-04,1.7
108,서울,2010-12-05,8.2
108,서울,2010-12-06,3
108,서울,2010-12-07,-.7
108,서울,2010-12-08,.4
108,서울,2010-12-09,-1.8
108,서울,2010-12-10,2.9
108,서울,2010-12-11,-3.5
108,서울,2010-12-12,-1.2
108,서울,2010-12-13,3.7
108,서울,2010-12-14,-4
108,서울,2010-12-15,-10.5
108,서울,2010-12-16,-7.7
108,서울,2010-12-17,-2.1
108,서울,2010-12-18,.1
108,서울,2010-12-19,4.9
108,서울,2010-12-20,4.1
108,서울,2010-12-21,4.9
108,서울,2010-12-22,4
108,서울,2010-12-23,-1.9
108,서울,2010-12-24,-12.3
108,서울,2010-12-25,-11.2
108,서울,2010-12-26,-9.3
108,서울,2010-12-27,-4.9
108,서울,2010-12-28,-2.6
108,서울,2010-12-29,-5.7
108,서울,2010-12-30,-6.1
108,서울,2010-12-31,-8.7
108,서울,2011-01-01,-6.8
108,서울,2011-01-02,-5.4
108,서울,2011-01-03,-4.5
108,서울,2011-01-04,-3.9
108,서울,2011-01-05,-4
108,서울,2011-01-06,-7.6
108,서울,2011-01-07,-7
108,서울,2011-01-08,-3.6
108,서울,2011-01-09,-7
108,서울,2011-01-10,-8.2
108,서울,2011-01-11,-5.4
108,서울,2011-01-12,-8.2
108,서울,2011-01-13,-5.9
108,서울,2011-01-14,-3.8
108,서울,2011-01-15,-12.2
108,서울,2011-01-16,-14.5
108,서울,2011-01-17,-9.7
108,서울,2011-01-18,-6.7
108,서울,2011-01-19,-6.6
108,서울,2011-01-20,-8.2
108,서울,2011-01-21,-6.8
108,서울,2011-01-22,-4.3
108,서울,2011-01-23,-4.5
108,서울,2011-01-24,-8.8
108,서울,2011-01-25,-8.4
108,서울,2011-01-26,-8.5
108,서울,2011-01-27,-8.9
108,서울,2011-01-28,-7.9
108,서울,2011-01-29,-9.1
108,서울,2011-01-30,-10.1
108,서울,2011-01-31,-6.2
108,서울,2011-02-01,-.2
108,서울,2011-02-02,1.3
108,서울,2011-02-03,1.5
108,서울,2011-02-04,1.2
108,서울,2011-02-05,1.1
108,서울,2011-02-06,.3
108,서울,2011-02-07,.3
108,서울,2011-02-08,2.9
108,서울,2011-02-09,-1.2
108,서울,2011-02-10,-2.1
108,서울,2011-02-11,-2.9
108,서울,2011-02-12,-5.9
108,서울,2011-02-13,-4.8
108,서울,2011-02-14,-3.4
108,서울,2011-02-15,-1.8
108,서울,2011-02-16,-.6
108,서울,2011-02-17,.9
108,서울,2011-02-18,1.6
108,서울,2011-02-19,1.4
108,서울,2011-02-20,5.3
108,서울,2011-02-21,6.2
108,서울,2011-02-22,6.2
108,서울,2011-02-23,5.6
108,서울,2011-02-24,6.1
108,서울,2011-02-25,2
108,서울,2011-02-26,6.2
108,서울,2011-02-27,4.2
108,서울,2011-02-28,2.8
108,서울,2011-03-01,.5
108,서울,2011-03-02,-2.1
108,서울,2011-03-03,-2.1
108,서울,2011-03-04,.1
108,서울,2011-03-05,2.1
108,서울,2011-03-06,3.4
108,서울,2011-03-07,1.6
108,서울,2011-03-08,1.6
108,서울,2011-03-09,.2
108,서울,2011-03-10,1.4
108,서울,2011-03-11,4.6
108,서울,2011-03-12,7.8
108,서울,2011-03-13,10.7
108,서울,2011-03-14,6.7
108,서울,2011-03-15,1.5
108,서울,2011-03-16,-.4
108,서울,2011-03-17,.8
108,서울,2011-03-18,5.7
108,서울,2011-03-19,8.8
108,서울,2011-03-20,6.9
108,서울,2011-03-21,8
108,서울,2011-03-22,1.8
108,서울,2011-03-23,2.2
108,서울,2011-03-24,2.9
108,서울,2011-03-25,2.2
108,서울,2011-03-26,3.6
108,서울,2011-03-27,5.1
108,서울,2011-03-28,5.2
108,서울,2011-03-29,4.8
108,서울,2011-03-30,7.3
108,서울,2011-03-31,9.2
108,서울,2011-04-01,9.1
108,서울,2011-04-02,8.9
108,서울,2011-04-03,9.6
108,서울,2011-04-04,10.1
108,서울,2011-04-05,10.7
108,서울,2011-04-06,10.6
108,서울,2011-04-07,9.6
108,서울,2011-04-08,11.4
108,서울,2011-04-09,9.9
108,서울,2011-04-10,10.8
108,서울,2011-04-11,10.4
108,서울,2011-04-12,10.2
108,서울,2011-04-13,11.3
108,서울,2011-04-14,12.4
108,서울,2011-04-15,12.2
108,서울,2011-04-16,12.1
108,서울,2011-04-17,12
108,서울,2011-04-18,6.7
108,서울,2011-04-19,10.8
108,서울,2011-04-20,11.2
108,서울,2011-04-21,13.5
108,서울,2011-04-22,8.9
108,서울,2011-04-23,9.7
108,서울,2011-04-24,9.7
108,서울,2011-04-25,11.3
108,서울,2011-04-26,10.5
108,서울,2011-04-27,11.4
108,서울,2011-04-28,10.4
108,서울,2011-04-29,13.2
108,서울,2011-04-30,13
108,서울,2011-05-01,12.5
108,서울,2011-05-02,14.2
108,서울,2011-05-03,15.3
108,서울,2011-05-04,15.9
108,서울,2011-05-05,17.5
108,서울,2011-05-06,15.4
108,서울,2011-05-07,14.5
108,서울,2011-05-08,17.3
108,서울,2011-05-09,17.6
108,서울,2011-05-10,16.5
108,서울,2011-05-11,17.2
108,서울,2011-05-12,15.7
108,서울,2011-05-13,14.6
108,서울,2011-05-14,17.2
108,서울,2011-05-15,17.2
108,서울,2011-05-16,16.4
108,서울,2011-05-17,17.5
108,서울,2011-05-18,20.5
108,서울,2011-05-19,20.7
108,서울,2011-05-20,17.5
108,서울,2011-05-21,14.5
108,서울,2011-05-22,17.3
108,서울,2011-05-23,19.5
108,서울,2011-05-24,21.5
108,서울,2011-05-25,22.7
108,서울,2011-05-26,20.7
108,서울,2011-05-27,20.1
108,서울,2011-05-28,22.4
108,서울,2011-05-29,24.4
108,서울,2011-05-30,22.7
108,서울,2011-05-31,18.7
108,서울,2011-06-01,18
108,서울,2011-06-02,19
108,서울,2011-06-03,19
108,서울,2011-06-04,18.7
108,서울,2011-06-05,20.4
108,서울,2011-06-06,20.9
108,서울,2011-06-07,20.9
108,서울,2011-06-08,22
108,서울,2011-06-09,19.4
108,서울,2011-06-10,21.4
108,서울,2011-06-11,24
108,서울,2011-06-12,23.4
108,서울,2011-06-13,21
108,서울,2011-06-14,22.8
108,서울,2011-06-15,25.2
108,서울,2011-06-16,26.5
108,서울,2011-06-17,24.9
108,서울,2011-06-18,24.5
108,서울,2011-06-19,26.6
108,서울,2011-06-20,26.6
108,서울,2011-06-21,24.1
108,서울,2011-06-22,22.7
108,서울,2011-06-23,22
108,서울,2011-06-24,19.7
108,서울,2011-06-25,18.3
108,서울,2011-06-26,19.2
108,서울,2011-06-27,19.2
108,서울,2011-06-28,24.1
108,서울,2011-06-29,21
108,서울,2011-06-30,23.8
108,서울,2011-07-01,25.1
108,서울,2011-07-02,24.7
108,서울,2011-07-03,22.6
108,서울,2011-07-04,22.5
108,서울,2011-07-05,24.3
108,서울,2011-07-06,25.6
108,서울,2011-07-07,22.9
108,서울,2011-07-08,22.4
108,서울,2011-07-09,23.6
108,서울,2011-07-10,24.2
108,서울,2011-07-11,21.2
108,서울,2011-07-12,22.8
108,서울,2011-07-13,24.3
108,서울,2011-07-14,23.6
108,서울,2011-07-15,23.4
108,서울,2011-07-16,22.8
108,서울,2011-07-17,25.1
108,서울,2011-07-18,28.7
108,서울,2011-07-19,28.5
108,서울,2011-07-20,27.6
108,서울,2011-07-21,27.1
108,서울,2011-07-22,24.1
108,서울,2011-07-23,25.4
108,서울,2011-07-24,24.8
108,서울,2011-07-25,24.9
108,서울,2011-07-26,24.8
108,서울,2011-07-27,24
108,서울,2011-07-28,24.7
108,서울,2011-07-29,26.2
108,서울,2011-07-30,27.2
108,서울,2011-07-31,24.7
108,서울,2011-08-01,25.6
108,서울,2011-08-02,26.1
108,서울,2011-08-03,25.4
108,서울,2011-08-04,25.4
108,서울,2011-08-05,28.9
108,서울,2011-08-06,28.5
108,서울,2011-08-07,28.7
108,서울,2011-08-08,24.7
108,서울,2011-08-09,26
108,서울,2011-08-10,25.8
108,서울,2011-08-11,26.6
108,서울,2011-08-12,25.3
108,서울,2011-08-13,25.3
108,서울,2011-08-14,25
108,서울,2011-08-15,24.5
108,서울,2011-08-16,25
108,서울,2011-08-17,23.7
108,서울,2011-08-18,25.2
108,서울,2011-08-19,24.4
108,서울,2011-08-20,23.1
108,서울,2011-08-21,24.4
108,서울,2011-08-22,23.5
108,서울,2011-08-23,24.3
108,서울,2011-08-24,24.8
108,서울,2011-08-25,25.7
108,서울,2011-08-26,26.4
108,서울,2011-08-27,27.6
108,서울,2011-08-28,27.3
108,서울,2011-08-29,26.8
108,서울,2011-08-30,27.1
108,서울,2011-08-31,27.9
108,서울,2011-09-01,27
108,서울,2011-09-02,26.9
108,서울,2011-09-03,25.1
108,서울,2011-09-04,23.7
108,서울,2011-09-05,23.8
108,서울,2011-09-06,23.4
108,서울,2011-09-07,22.6
108,서울,2011-09-08,22.3
108,서울,2011-09-09,19.9
108,서울,2011-09-10,21.5
108,서울,2011-09-11,21.2
108,서울,2011-09-12,23.3
108,서울,2011-09-13,25
108,서울,2011-09-14,24.4
108,서울,2011-09-15,25.7
108,서울,2011-09-16,25.6
108,서울,2011-09-17,25.8
108,서울,2011-09-18,21
108,서울,2011-09-19,16.8
108,서울,2011-09-20,17.7
108,서울,2011-09-21,18.1
108,서울,2011-09-22,18.1
108,서울,2011-09-23,19.5
108,서울,2011-09-24,19.6
108,서울,2011-09-25,20
108,서울,2011-09-26,21.2
108,서울,2011-09-27,21.8
108,서울,2011-09-28,19.8
108,서울,2011-09-29,16.9
108,서울,2011-09-30,14.8
108,서울,2011-10-01,12.7
108,서울,2011-10-02,13.3
108,서울,2011-10-03,13.8
108,서울,2011-10-04,14.9
108,서울,2011-10-05,16.4
108,서울,2011-10-06,16.5
108,서울,2011-10-07,15.4
108,서울,2011-10-08,16.2
108,서울,2011-10-09,16.6
108,서울,2011-10-10,16.9
108,서울,2011-10-11,16.5
108,서울,2011-10-12,14.7
108,서울,2011-10-13,16.6
108,서울,2011-10-14,14.4
108,서울,2011-10-15,13
108,서울,2011-10-16,14.8
108,서울,2011-10-17,11.2
108,서울,2011-10-18,9.4
108,서울,2011-10-19,12.8
108,서울,2011-10-20,15.5
108,서울,2011-10-21,17.3
108,서울,2011-10-22,17.1
108,서울,2011-10-23,16.5
108,서울,2011-10-24,12.3
108,서울,2011-10-25,7.6
108,서울,2011-10-26,9.5
108,서울,2011-10-27,12.7
108,서울,2011-10-28,14.5
108,서울,2011-10-29,12
108,서울,2011-10-30,14.8
108,서울,2011-10-31,15
108,서울,2011-11-01,16.1
108,서울,2011-11-02,16.2
108,서울,2011-11-03,16.8
108,서울,2011-11-04,18.4
108,서울,2011-11-05,19.9
108,서울,2011-11-06,14.6
108,서울,2011-11-07,15.1
108,서울,2011-11-08,14.9
108,서울,2011-11-09,14.5
108,서울,2011-11-10,14.1
108,서울,2011-11-11,12.5
108,서울,2011-11-12,12
108,서울,2011-11-13,11.3
108,서울,2011-11-14,6.4
108,서울,2011-11-15,7.2
108,서울,2011-11-16,10.9
108,서울,2011-11-17,13.6
108,서울,2011-11-18,14.2
108,서울,2011-11-19,10.6
108,서울,2011-11-20,.4
108,서울,2011-11-21,1.6
108,서울,2011-11-22,5.6
108,서울,2011-11-23,2.8
108,서울,2011-11-24,-1.6
108,서울,2011-11-25,2.8
108,서울,2011-11-26,5.6
108,서울,2011-11-27,13.5
108,서울,2011-11-28,14.6
108,서울,2011-11-29,11.3
108,서울,2011-11-30,4.7
108,서울,2011-12-01,5.8
108,서울,2011-12-02,5.5
108,서울,2011-12-03,5.3
108,서울,2011-12-04,2.5
108,서울,2011-12-05,1.5
108,서울,2011-12-06,3.9
108,서울,2011-12-07,4
108,서울,2011-12-08,.1
108,서울,2011-12-09,-2.7
108,서울,2011-12-10,-1.7
108,서울,2011-12-11,2.8
108,서울,2011-12-12,3.5
108,서울,2011-12-13,1.5
108,서울,2011-12-14,2.4
108,서울,2011-12-15,-3.9
108,서울,2011-12-16,-7.1
108,서울,2011-12-17,-5.8
108,서울,2011-12-18,-2.4
108,서울,2011-12-19,-2.4
108,서울,2011-12-20,-.3
108,서울,2011-12-21,1.9
108,서울,2011-12-22,-5.5
108,서울,2011-12-23,-5.4
108,서울,2011-12-24,-5.2
108,서울,2011-12-25,-7.1
108,서울,2011-12-26,-7.1
108,서울,2011-12-27,-4
108,서울,2011-12-28,-.5
108,서울,2011-12-29,-1.7
108,서울,2011-12-30,-3
108,서울,2011-12-31,-1.9
108,서울,2012-01-01,-3
108,서울,2012-01-02,-4.8
108,서울,2012-01-03,-4.5
108,서울,2012-01-04,-7.4
108,서울,2012-01-05,-5.7
108,서울,2012-01-06,-2.8
108,서울,2012-01-07,-3.8
108,서울,2012-01-08,-2.5
108,서울,2012-01-09,-.3
108,서울,2012-01-10,-2.5
108,서울,2012-01-11,-6
108,서울,2012-01-12,-4.6
108,서울,2012-01-13,-1.2
108,서울,2012-01-14,-1.5
108,서울,2012-01-15,-2.6
108,서울,2012-01-16,1
108,서울,2012-01-17,2.8
108,서울,2012-01-18,1.4
108,서울,2012-01-19,5.3
108,서울,2012-01-20,5.4
108,서울,2012-01-21,2.4
108,서울,2012-01-22,-7.7
108,서울,2012-01-23,-9.6
108,서울,2012-01-24,-7.3
108,서울,2012-01-25,-8.2
108,서울,2012-01-26,-2.9
108,서울,2012-01-27,-.9
108,서울,2012-01-28,-1.8
108,서울,2012-01-29,-2.8
108,서울,2012-01-30,-5.6
108,서울,2012-01-31,-4.7
108,서울,2012-02-01,-12.8
108,서울,2012-02-02,-13.7
108,서울,2012-02-03,-8.6
108,서울,2012-02-04,-3
108,서울,2012-02-05,-.9
108,서울,2012-02-06,.9
108,서울,2012-02-07,-8.7
108,서울,2012-02-08,-8
108,서울,2012-02-09,-4.5
108,서울,2012-02-10,-3.5
108,서울,2012-02-11,-3.8
108,서울,2012-02-12,-.1
108,서울,2012-02-13,3.1
108,서울,2012-02-14,3
108,서울,2012-02-15,-1.3
108,서울,2012-02-16,-2.8
108,서울,2012-02-17,-6.4
108,서울,2012-02-18,-6.8
108,서울,2012-02-19,-4.4
108,서울,2012-02-20,-.2
108,서울,2012-02-21,2.3
108,서울,2012-02-22,5.8
108,서울,2012-02-23,4.4
108,서울,2012-02-24,4.3
108,서울,2012-02-25,1.2
108,서울,2012-02-26,-1.6
108,서울,2012-02-27,-.7
108,서울,2012-02-28,2.1
108,서울,2012-02-29,5.4
108,서울,2012-03-01,8.7
108,서울,2012-03-02,6.9
108,서울,2012-03-03,6.9
108,서울,2012-03-04,6.2
108,서울,2012-03-05,5.3
108,서울,2012-03-06,3
108,서울,2012-03-07,3
108,서울,2012-03-08,2
108,서울,2012-03-09,3.4
108,서울,2012-03-10,3.9
108,서울,2012-03-11,-2.4
108,서울,2012-03-12,-1.6
108,서울,2012-03-13,1.7
108,서울,2012-03-14,3.6
108,서울,2012-03-15,5.5
108,서울,2012-03-16,8.1
108,서울,2012-03-17,10.4
108,서울,2012-03-18,6.9
108,서울,2012-03-19,2.8
108,서울,2012-03-20,3.1
108,서울,2012-03-21,4.3
108,서울,2012-03-22,7.8
108,서울,2012-03-23,5
108,서울,2012-03-24,3.3
108,서울,2012-03-25,3.6
108,서울,2012-03-26,3.9
108,서울,2012-03-27,6.4
108,서울,2012-03-28,10.1
108,서울,2012-03-29,11.6
108,서울,2012-03-30,9
108,서울,2012-03-31,5.4
108,서울,2012-04-01,4.6
108,서울,2012-04-02,8.3
108,서울,2012-04-03,4.9
108,서울,2012-04-04,7.2
108,서울,2012-04-05,6.7
108,서울,2012-04-06,5.4
108,서울,2012-04-07,5.9
108,서울,2012-04-08,11.3
108,서울,2012-04-09,15.4
108,서울,2012-04-10,13.7
108,서울,2012-04-11,12.2
108,서울,2012-04-12,8.9
108,서울,2012-04-13,10.3
108,서울,2012-04-14,10.5
108,서울,2012-04-15,13.4
108,서울,2012-04-16,11.9
108,서울,2012-04-17,13.6
108,서울,2012-04-18,15.2
108,서울,2012-04-19,17
108,서울,2012-04-20,18.4
108,서울,2012-04-21,11.4
108,서울,2012-04-22,9.4
108,서울,2012-04-23,12.9
108,서울,2012-04-24,19.7
108,서울,2012-04-25,15.1
108,서울,2012-04-26,11.9
108,서울,2012-04-27,15.2
108,서울,2012-04-28,17
108,서울,2012-04-29,19.9
108,서울,2012-04-30,22.9
108,서울,2012-05-01,22.6
108,서울,2012-05-02,23.1
108,서울,2012-05-03,20
108,서울,2012-05-04,19.7
108,서울,2012-05-05,18.8
108,서울,2012-05-06,18.1
108,서울,2012-05-07,18.5
108,서울,2012-05-08,20.8
108,서울,2012-05-09,20.7
108,서울,2012-05-10,20.1
108,서울,2012-05-11,16.2
108,서울,2012-05-12,17.1
108,서울,2012-05-13,19.1
108,서울,2012-05-14,16.1
108,서울,2012-05-15,16.9
108,서울,2012-05-16,16.6
108,서울,2012-05-17,16.6
108,서울,2012-05-18,18.1
108,서울,2012-05-19,19.5
108,서울,2012-05-20,21.3
108,서울,2012-05-21,23
108,서울,2012-05-22,23.3
108,서울,2012-05-23,22.1
108,서울,2012-05-24,19.7
108,서울,2012-05-25,20.5
108,서울,2012-05-26,19.8
108,서울,2012-05-27,19.3
108,서울,2012-05-28,20.9
108,서울,2012-05-29,21.6
108,서울,2012-05-30,20.7
108,서울,2012-05-31,20.9
108,서울,2012-06-01,21.4
108,서울,2012-06-02,23.1
108,서울,2012-06-03,23.3
108,서울,2012-06-04,23.7
108,서울,2012-06-05,22.5
108,서울,2012-06-06,23
108,서울,2012-06-07,23
108,서울,2012-06-08,22.2
108,서울,2012-06-09,24.2
108,서울,2012-06-10,23.7
108,서울,2012-06-11,23.2
108,서울,2012-06-12,22.6
108,서울,2012-06-13,23.4
108,서울,2012-06-14,24.8
108,서울,2012-06-15,23.7
108,서울,2012-06-16,23.5
108,서울,2012-06-17,23.6
108,서울,2012-06-18,24.9
108,서울,2012-06-19,26
108,서울,2012-06-20,25.4
108,서울,2012-06-21,25.7
108,서울,2012-06-22,24.3
108,서울,2012-06-23,26.2
108,서울,2012-06-24,27.8
108,서울,2012-06-25,26.5
108,서울,2012-06-26,24.6
108,서울,2012-06-27,24.8
108,서울,2012-06-28,25.3
108,서울,2012-06-29,25.9
108,서울,2012-06-30,21.9
108,서울,2012-07-01,21.6
108,서울,2012-07-02,24
108,서울,2012-07-03,22.7
108,서울,2012-07-04,24.4
108,서울,2012-07-05,22.7
108,서울,2012-07-06,20.9
108,서울,2012-07-07,24.8
108,서울,2012-07-08,25.8
108,서울,2012-07-09,26.3
108,서울,2012-07-10,25.9
108,서울,2012-07-11,23.3
108,서울,2012-07-12,24.7
108,서울,2012-07-13,26.1
108,서울,2012-07-14,22.8
108,서울,2012-07-15,19.7
108,서울,2012-07-16,21.7
108,서울,2012-07-17,25.5
108,서울,2012-07-18,26.3
108,서울,2012-07-19,23.9
108,서울,2012-07-20,25.6
108,서울,2012-07-21,27.5
108,서울,2012-07-22,27.2
108,서울,2012-07-23,27.6
108,서울,2012-07-24,27.8
108,서울,2012-07-25,27.9
108,서울,2012-07-26,28.1
108,서울,2012-07-27,27.9
108,서울,2012-07-28,28.5
108,서울,2012-07-29,29.2
108,서울,2012-07-30,28.4
108,서울,2012-07-31,29
108,서울,2012-08-01,30.8
108,서울,2012-08-02,30.8
108,서울,2012-08-03,31.3
108,서울,2012-08-04,31.7
108,서울,2012-08-05,31.8
108,서울,2012-08-06,31.5
108,서울,2012-08-07,30.7
108,서울,2012-08-08,29.6
108,서울,2012-08-09,29.7
108,서울,2012-08-10,27.4
108,서울,2012-08-11,27.7
108,서울,2012-08-12,25.5
108,서울,2012-08-13,26.6
108,서울,2012-08-14,26.7
108,서울,2012-08-15,23.7
108,서울,2012-08-16,26
108,서울,2012-08-17,27.5
108,서울,2012-08-18,27.2
108,서울,2012-08-19,27.9
108,서울,2012-08-20,25.4
108,서울,2012-08-21,25.3
108,서울,2012-08-22,22
108,서울,2012-08-23,23
108,서울,2012-08-24,23.3
108,서울,2012-08-25,25
108,서울,2012-08-26,27.5
108,서울,2012-08-27,28.5
108,서울,2012-08-28,26.1
108,서울,2012-08-29,25.7
108,서울,2012-08-30,21.4
108,서울,2012-08-31,23.8
108,서울,2012-09-01,25.2
108,서울,2012-09-02,25
108,서울,2012-09-03,24.9
108,서울,2012-09-04,22
108,서울,2012-09-05,22.3
108,서울,2012-09-06,21.6
108,서울,2012-09-07,22.5
108,서울,2012-09-08,20.2
108,서울,2012-09-09,20.9
108,서울,2012-09-10,23.2
108,서울,2012-09-11,22.8
108,서울,2012-09-12,21.6
108,서울,2012-09-13,20
108,서울,2012-09-14,19.4
108,서울,2012-09-15,21
108,서울,2012-09-16,19.9
108,서울,2012-09-17,17.3
108,서울,2012-09-18,20.9
108,서울,2012-09-19,20.6
108,서울,2012-09-20,20.1
108,서울,2012-09-21,20.1
108,서울,2012-09-22,20.7
108,서울,2012-09-23,21.2
108,서울,2012-09-24,21.5
108,서울,2012-09-25,21.8
108,서울,2012-09-26,21.3
108,서울,2012-09-27,20.3
108,서울,2012-09-28,18
108,서울,2012-09-29,16.4
108,서울,2012-09-30,16.2
108,서울,2012-10-01,18.1
108,서울,2012-10-02,19.3
108,서울,2012-10-03,19.9
108,서울,2012-10-04,19
108,서울,2012-10-05,19
108,서울,2012-10-06,19.6
108,서울,2012-10-07,19.2
108,서울,2012-10-08,18.4
108,서울,2012-10-09,17.6
108,서울,2012-10-10,15.7
108,서울,2012-10-11,13.9
108,서울,2012-10-12,14.9
108,서울,2012-10-13,16.4
108,서울,2012-10-14,16.3
108,서울,2012-10-15,14.8
108,서울,2012-10-16,17.1
108,서울,2012-10-17,12.6
108,서울,2012-10-18,11.6
108,서울,2012-10-19,14.8
108,서울,2012-10-20,15.8
108,서울,2012-10-21,18.3
108,서울,2012-10-22,13.4
108,서울,2012-10-23,10
108,서울,2012-10-24,13.2
108,서울,2012-10-25,15.2
108,서울,2012-10-26,15.9
108,서울,2012-10-27,14.3
108,서울,2012-10-28,14.3
108,서울,2012-10-29,11.7
108,서울,2012-10-30,8.6
108,서울,2012-10-31,6.9
108,서울,2012-11-01,5.6
108,서울,2012-11-02,7.2
108,서울,2012-11-03,9.4
108,서울,2012-11-04,11.8
108,서울,2012-11-05,8.5
108,서울,2012-11-06,7.1
108,서울,2012-11-07,8.4
108,서울,2012-11-08,8.8
108,서울,2012-11-09,9.4
108,서울,2012-11-10,12
108,서울,2012-11-11,8.7
108,서울,2012-11-12,7.3
108,서울,2012-11-13,5.3
108,서울,2012-11-14,2.4
108,서울,2012-11-15,4.2
108,서울,2012-11-16,4.9
108,서울,2012-11-17,5.3
108,서울,2012-11-18,3.5
108,서울,2012-11-19,3.4
108,서울,2012-11-20,1.9
108,서울,2012-11-21,4.1
108,서울,2012-11-22,6.7
108,서울,2012-11-23,3.3
108,서울,2012-11-24,1.7
108,서울,2012-11-25,3.4
108,서울,2012-11-26,2.3
108,서울,2012-11-27,2.1
108,서울,2012-11-28,5
108,서울,2012-11-29,.8
108,서울,2012-11-30,1.7
108,서울,2012-12-01,-.9
108,서울,2012-12-02,2.9
108,서울,2012-12-03,1.7
108,서울,2012-12-04,-3.3
108,서울,2012-12-05,-3.8
108,서울,2012-12-06,-6.3
108,서울,2012-12-07,-4.5
108,서울,2012-12-08,-8.2
108,서울,2012-12-09,-10.5
108,서울,2012-12-10,-8.3
108,서울,2012-12-11,-6.5
108,서울,2012-12-12,-5
108,서울,2012-12-13,-1.5
108,서울,2012-12-14,2.7
108,서울,2012-12-15,4.6
108,서울,2012-12-16,1.6
108,서울,2012-12-17,-.4
108,서울,2012-12-18,-6.8
108,서울,2012-12-19,-6.9
108,서울,2012-12-20,-3.4
108,서울,2012-12-21,-.7
108,서울,2012-12-22,-3
108,서울,2012-12-23,-8.9
108,서울,2012-12-24,-8.8
108,서울,2012-12-25,-8.9
108,서울,2012-12-26,-10.8
108,서울,2012-12-27,-5.7
108,서울,2012-12-28,-.9
108,서울,2012-12-29,-.3
108,서울,2012-12-30,-8.2
108,서울,2012-12-31,-8.7
108,서울,2013-01-01,-4.7
108,서울,2013-01-02,-11.7
108,서울,2013-01-03,-13.2
108,서울,2013-01-04,-10.7
108,서울,2013-01-05,-7
108,서울,2013-01-06,-6.3
108,서울,2013-01-07,-5.1
108,서울,2013-01-08,-4.6
108,서울,2013-01-09,-9
108,서울,2013-01-10,-8.3
108,서울,2013-01-11,-3.2
108,서울,2013-01-12,0
108,서울,2013-01-13,-.5
108,서울,2013-01-14,-2.1
108,서울,2013-01-15,-2.1
108,서울,2013-01-16,-2.6
108,서울,2013-01-17,-5.8
108,서울,2013-01-18,-4.4
108,서울,2013-01-19,.5
108,서울,2013-01-20,1.6
108,서울,2013-01-21,2.2
108,서울,2013-01-22,3.8
108,서울,2013-01-23,1.8
108,서울,2013-01-24,-.9
108,서울,2013-01-25,-9.1
108,서울,2013-01-26,-9.2
108,서울,2013-01-27,-7.3
108,서울,2013-01-28,-3.5
108,서울,2013-01-29,2.2
108,서울,2013-01-30,5.4
108,서울,2013-01-31,7.4
108,서울,2013-02-01,7.3
108,서울,2013-02-02,-1.1
108,서울,2013-02-03,-3.2
108,서울,2013-02-04,-.8
108,서울,2013-02-05,-.6
108,서울,2013-02-06,-1.5
108,서울,2013-02-07,-11.1
108,서울,2013-02-08,-11.5
108,서울,2013-02-09,-7.2
108,서울,2013-02-10,-4
108,서울,2013-02-11,-5.8
108,서울,2013-02-12,-3.8
108,서울,2013-02-13,-1.3
108,서울,2013-02-14,1.1
108,서울,2013-02-15,-1.2
108,서울,2013-02-16,-2.6
108,서울,2013-02-17,2.3
108,서울,2013-02-18,.5
108,서울,2013-02-19,-2.9
108,서울,2013-02-20,-4.8
108,서울,2013-02-21,-1.7
108,서울,2013-02-22,.5
108,서울,2013-02-23,-.9
108,서울,2013-02-24,1.4
108,서울,2013-02-25,3.3
108,서울,2013-02-26,4.8
108,서울,2013-02-27,3.4
108,서울,2013-02-28,6.7
108,서울,2013-03-01,.8
108,서울,2013-03-02,-.8
108,서울,2013-03-03,.4
108,서울,2013-03-04,3.1
108,서울,2013-03-05,3.7
108,서울,2013-03-06,7.9
108,서울,2013-03-07,8
108,서울,2013-03-08,8.5
108,서울,2013-03-09,13.2
108,서울,2013-03-10,1.2
108,서울,2013-03-11,4.2
108,서울,2013-03-12,7.5
108,서울,2013-03-13,5.2
108,서울,2013-03-14,4.1
108,서울,2013-03-15,4.6
108,서울,2013-03-16,6.3
108,서울,2013-03-17,8.2
108,서울,2013-03-18,8.3
108,서울,2013-03-19,8
108,서울,2013-03-20,2.8
108,서울,2013-03-21,1.5
108,서울,2013-03-22,3.4
108,서울,2013-03-23,5.4
108,서울,2013-03-24,5.1
108,서울,2013-03-25,2.8
108,서울,2013-03-26,4.4
108,서울,2013-03-27,7.5
108,서울,2013-03-28,7.3
108,서울,2013-03-29,5.4
108,서울,2013-03-30,4.9
108,서울,2013-03-31,6.3
108,서울,2013-04-01,9.2
108,서울,2013-04-02,7.2
108,서울,2013-04-03,7.9
108,서울,2013-04-04,12.6
108,서울,2013-04-05,14.6
108,서울,2013-04-06,7.5
108,서울,2013-04-07,5.1
108,서울,2013-04-08,8
108,서울,2013-04-09,6.2
108,서울,2013-04-10,5
108,서울,2013-04-11,5.5
108,서울,2013-04-12,6.9
108,서울,2013-04-13,11.4
108,서울,2013-04-14,8.3
108,서울,2013-04-15,7.5
108,서울,2013-04-16,13.2
108,서울,2013-04-17,14.8
108,서울,2013-04-18,12.3
108,서울,2013-04-19,9.8
108,서울,2013-04-20,6.6
108,서울,2013-04-21,9
108,서울,2013-04-22,11.4
108,서울,2013-04-23,11.2
108,서울,2013-04-24,12.3
108,서울,2013-04-25,9.3
108,서울,2013-04-26,11.7
108,서울,2013-04-27,12.8
108,서울,2013-04-28,16
108,서울,2013-04-29,13.5
108,서울,2013-04-30,13.4
108,서울,2013-05-01,13.2
108,서울,2013-05-02,12.4
108,서울,2013-05-03,12.6
108,서울,2013-05-04,13.9
108,서울,2013-05-05,14.3
108,서울,2013-05-06,14.6
108,서울,2013-05-07,18.7
108,서울,2013-05-08,19.4
108,서울,2013-05-09,18.1
108,서울,2013-05-10,14
108,서울,2013-05-11,17.9
108,서울,2013-05-12,19.1
108,서울,2013-05-13,21.6
108,서울,2013-05-14,20.2
108,서울,2013-05-15,19.4
108,서울,2013-05-16,22
108,서울,2013-05-17,20.2
108,서울,2013-05-18,17.7
108,서울,2013-05-19,16.6
108,서울,2013-05-20,14.4
108,서울,2013-05-21,17.7
108,서울,2013-05-22,19.7
108,서울,2013-05-23,22.1
108,서울,2013-05-24,21.3
108,서울,2013-05-25,24.7
108,서울,2013-05-26,23.9
108,서울,2013-05-27,19.7
108,서울,2013-05-28,18.9
108,서울,2013-05-29,16.1
108,서울,2013-05-30,19.2
108,서울,2013-05-31,21.3
108,서울,2013-06-01,21.7
108,서울,2013-06-02,23.5
108,서울,2013-06-03,21.3
108,서울,2013-06-04,22.8
108,서울,2013-06-05,24.8
108,서울,2013-06-06,25
108,서울,2013-06-07,25.7
108,서울,2013-06-08,26.4
108,서울,2013-06-09,27.4
108,서울,2013-06-10,27.5
108,서울,2013-06-11,23.7
108,서울,2013-06-12,20.5
108,서울,2013-06-13,23
108,서울,2013-06-14,24.6
108,서울,2013-06-15,24.6
108,서울,2013-06-16,22.5
108,서울,2013-06-17,22.3
108,서울,2013-06-18,21.7
108,서울,2013-06-19,24.3
108,서울,2013-06-20,25.8
108,서울,2013-06-21,26.6
108,서울,2013-06-22,25.1
108,서울,2013-06-23,22.9
108,서울,2013-06-24,23.5
108,서울,2013-06-25,25.1
108,서울,2013-06-26,24.5
108,서울,2013-06-27,25.1
108,서울,2013-06-28,25.5
108,서울,2013-06-29,27.2
108,서울,2013-06-30,27.7
108,서울,2013-07-01,27.1
108,서울,2013-07-02,24.3
108,서울,2013-07-03,25.2
108,서울,2013-07-04,24.9
108,서울,2013-07-05,25.6
108,서울,2013-07-06,25.2
108,서울,2013-07-07,24.9
108,서울,2013-07-08,24.3
108,서울,2013-07-09,24.5
108,서울,2013-07-10,25.3
108,서울,2013-07-11,24.6
108,서울,2013-07-12,23.6
108,서울,2013-07-13,24.2
108,서울,2013-07-14,24.1
108,서울,2013-07-15,26.5
108,서울,2013-07-16,26.9
108,서울,2013-07-17,24.2
108,서울,2013-07-18,25.1
108,서울,2013-07-19,26.8
108,서울,2013-07-20,27
108,서울,2013-07-21,26.8
108,서울,2013-07-22,26.4
108,서울,2013-07-23,25.7
108,서울,2013-07-24,24.7
108,서울,2013-07-25,26
108,서울,2013-07-26,26.5
108,서울,2013-07-27,26.2
108,서울,2013-07-28,25.3
108,서울,2013-07-29,26.5
108,서울,2013-07-30,26.3
108,서울,2013-07-31,26.4
108,서울,2013-08-01,28
108,서울,2013-08-02,27.4
108,서울,2013-08-03,28.9
108,서울,2013-08-04,28.3
108,서울,2013-08-05,27.7
108,서울,2013-08-06,26.4
108,서울,2013-08-07,28.7
108,서울,2013-08-08,29.3
108,서울,2013-08-09,29.2
108,서울,2013-08-10,28
108,서울,2013-08-11,28.7
108,서울,2013-08-12,29.3
108,서울,2013-08-13,29
108,서울,2013-08-14,28.6
108,서울,2013-08-15,28.7
108,서울,2013-08-16,28.7
108,서울,2013-08-17,28.7
108,서울,2013-08-18,28.3
108,서울,2013-08-19,28.2
108,서울,2013-08-20,27.4
108,서울,2013-08-21,28.8
108,서울,2013-08-22,29.3
108,서울,2013-08-23,25.7
108,서울,2013-08-24,26.6
108,서울,2013-08-25,27.1
108,서울,2013-08-26,27
108,서울,2013-08-27,25.6
108,서울,2013-08-28,26.4
108,서울,2013-08-29,25.5
108,서울,2013-08-30,25.1
108,서울,2013-08-31,24
108,서울,2013-09-01,23.5
108,서울,2013-09-02,22.4
108,서울,2013-09-03,21.7
108,서울,2013-09-04,22
108,서울,2013-09-05,21.2
108,서울,2013-09-06,20.8
108,서울,2013-09-07,21.9
108,서울,2013-09-08,22.9
108,서울,2013-09-09,23
108,서울,2013-09-10,22
108,서울,2013-09-11,20.1
108,서울,2013-09-12,23
108,서울,2013-09-13,22.9
108,서울,2013-09-14,23.1
108,서울,2013-09-15,23.4
108,서울,2013-09-16,20.9
108,서울,2013-09-17,22.6
108,서울,2013-09-18,24.4
108,서울,2013-09-19,24.7
108,서울,2013-09-20,23.4
108,서울,2013-09-21,23.8
108,서울,2013-09-22,23.1
108,서울,2013-09-23,23.8
108,서울,2013-09-24,22
108,서울,2013-09-25,19.5
108,서울,2013-09-26,17.3
108,서울,2013-09-27,17.9
108,서울,2013-09-28,17.4
108,서울,2013-09-29,17.2
108,서울,2013-09-30,20.7
108,서울,2013-10-01,21.6
108,서울,2013-10-02,19.4
108,서울,2013-10-03,16.3
108,서울,2013-10-04,17.4
108,서울,2013-10-05,20
108,서울,2013-10-06,20.8
108,서울,2013-10-07,22.8
108,서울,2013-10-08,20
108,서울,2013-10-09,20.5
108,서울,2013-10-10,21.1
108,서울,2013-10-11,18.1
108,서울,2013-10-12,16.4
108,서울,2013-10-13,17.3
108,서울,2013-10-14,18.3
108,서울,2013-10-15,12
108,서울,2013-10-16,11.2
108,서울,2013-10-17,12.4
108,서울,2013-10-18,13.6
108,서울,2013-10-19,14.6
108,서울,2013-10-20,16.7
108,서울,2013-10-21,16.2
108,서울,2013-10-22,15.9
108,서울,2013-10-23,16.2
108,서울,2013-10-24,13.1
108,서울,2013-10-25,9.3
108,서울,2013-10-26,10
108,서울,2013-10-27,11.4
108,서울,2013-10-28,11.6
108,서울,2013-10-29,12.7
108,서울,2013-10-30,10.5
108,서울,2013-10-31,11.7
108,서울,2013-11-01,14.8
108,서울,2013-11-02,11.6
108,서울,2013-11-03,11.9
108,서울,2013-11-04,12.6
108,서울,2013-11-05,12.3
108,서울,2013-11-06,12.2
108,서울,2013-11-07,12.2
108,서울,2013-11-08,9
108,서울,2013-11-09,11.6
108,서울,2013-11-10,5.5
108,서울,2013-11-11,2.6
108,서울,2013-11-12,3.4
108,서울,2013-11-13,4.8
108,서울,2013-11-14,6.7
108,서울,2013-11-15,8.2
108,서울,2013-11-16,7
108,서울,2013-11-17,5.2
108,서울,2013-11-18,1.1
108,서울,2013-11-19,1.1
108,서울,2013-11-20,1.5
108,서울,2013-11-21,2.6
108,서울,2013-11-22,4.6
108,서울,2013-11-23,7.1
108,서울,2013-11-24,7.3
108,서울,2013-11-25,4.7
108,서울,2013-11-26,2.1
108,서울,2013-11-27,0
108,서울,2013-11-28,-3.8
108,서울,2013-11-29,-.7
108,서울,2013-11-30,5.3
108,서울,2013-12-01,4.5
108,서울,2013-12-02,3.9
108,서울,2013-12-03,6.7
108,서울,2013-12-04,5.5
108,서울,2013-12-05,5.5
108,서울,2013-12-06,3
108,서울,2013-12-07,6.2
108,서울,2013-12-08,4.2
108,서울,2013-12-09,3.8
108,서울,2013-12-10,.3
108,서울,2013-12-11,-1.7
108,서울,2013-12-12,-3.2
108,서울,2013-12-13,-6.8
108,서울,2013-12-14,-4.9
108,서울,2013-12-15,-4.4
108,서울,2013-12-16,-3.6
108,서울,2013-12-17,-.3
108,서울,2013-12-18,2.2
108,서울,2013-12-19,-3.5
108,서울,2013-12-20,-4
108,서울,2013-12-21,-3.1
108,서울,2013-12-22,-2.1
108,서울,2013-12-23,-1.1
108,서울,2013-12-24,-1.6
108,서울,2013-12-25,-.5
108,서울,2013-12-26,-.5
108,서울,2013-12-27,-6.8
108,서울,2013-12-28,-6.5
108,서울,2013-12-29,-2.9
108,서울,2013-12-30,2.2
108,서울,2013-12-31,3.8
108,서울,2014-01-01,4
108,서울,2014-01-02,1.5
108,서울,2014-01-03,2.3
108,서울,2014-01-04,-.1
108,서울,2014-01-05,-.8
108,서울,2014-01-06,.8
108,서울,2014-01-07,3
108,서울,2014-01-08,.5
108,서울,2014-01-09,-7.8
108,서울,2014-01-10,-4.7
108,서울,2014-01-11,-1.7
108,서울,2014-01-12,-2.4
108,서울,2014-01-13,-6.2
108,서울,2014-01-14,-4.3
108,서울,2014-01-15,-2.9
108,서울,2014-01-16,.1
108,서울,2014-01-17,-.1
108,서울,2014-01-18,-2.2
108,서울,2014-01-19,-2.6
108,서울,2014-01-20,-1.5
108,서울,2014-01-21,-5.5
108,서울,2014-01-22,-3.9
108,서울,2014-01-23,-.8
108,서울,2014-01-24,3
108,서울,2014-01-25,4.2
108,서울,2014-01-26,-2.1
108,서울,2014-01-27,.2
108,서울,2014-01-28,1.5
108,서울,2014-01-29,2.2
108,서울,2014-01-30,4
108,서울,2014-01-31,1.3
108,서울,2014-02-01,4.9
108,서울,2014-02-02,4.9
108,서울,2014-02-03,-3.5
108,서울,2014-02-04,-7.4
108,서울,2014-02-05,-4.8
108,서울,2014-02-06,-1.3
108,서울,2014-02-07,2.4
108,서울,2014-02-08,.2
108,서울,2014-02-09,-1.6
108,서울,2014-02-10,-.1
108,서울,2014-02-11,.2
108,서울,2014-02-12,1.2
108,서울,2014-02-13,1.9
108,서울,2014-02-14,2.7
108,서울,2014-02-15,2.7
108,서울,2014-02-16,2.8
108,서울,2014-02-17,4.2
108,서울,2014-02-18,2.5
108,서울,2014-02-19,2.1
108,서울,2014-02-20,1.2
108,서울,2014-02-21,.9
108,서울,2014-02-22,2.2
108,서울,2014-02-23,3.1
108,서울,2014-02-24,4.1
108,서울,2014-02-25,5.7
108,서울,2014-02-26,8.4
108,서울,2014-02-27,7.7
108,서울,2014-02-28,6.7
108,서울,2014-03-01,6
108,서울,2014-03-02,4.5
108,서울,2014-03-03,5.2
108,서울,2014-03-04,6.3
108,서울,2014-03-05,1.4
108,서울,2014-03-06,.3
108,서울,2014-03-07,-.6
108,서울,2014-03-08,2
108,서울,2014-03-09,1.4
108,서울,2014-03-10,1.5
108,서울,2014-03-11,4.5
108,서울,2014-03-12,6.9
108,서울,2014-03-13,5.2
108,서울,2014-03-14,3.4
108,서울,2014-03-15,6.8
108,서울,2014-03-16,11.3
108,서울,2014-03-17,12.6
108,서울,2014-03-18,10.5
108,서울,2014-03-19,9.6
108,서울,2014-03-20,6.3
108,서울,2014-03-21,5.9
108,서울,2014-03-22,8.6
108,서울,2014-03-23,9.6
108,서울,2014-03-24,10.9
108,서울,2014-03-25,14.6
108,서울,2014-03-26,15.4
108,서울,2014-03-27,13.5
108,서울,2014-03-28,16.6
108,서울,2014-03-29,15
108,서울,2014-03-30,14.9
108,서울,2014-03-31,14.5
108,서울,2014-04-01,15.6
108,서울,2014-04-02,15.5
108,서울,2014-04-03,10.2
108,서울,2014-04-04,6.6
108,서울,2014-04-05,6.2
108,서울,2014-04-06,7.4
108,서울,2014-04-07,10.3
108,서울,2014-04-08,11.9
108,서울,2014-04-09,10.3
108,서울,2014-04-10,12.5
108,서울,2014-04-11,13.6
108,서울,2014-04-12,14.3
108,서울,2014-04-13,17.2
108,서울,2014-04-14,16.3
108,서울,2014-04-15,12.9
108,서울,2014-04-16,14
108,서울,2014-04-17,14.7
108,서울,2014-04-18,15.9
108,서울,2014-04-19,14
108,서울,2014-04-20,14.6
108,서울,2014-04-21,15.1
108,서울,2014-04-22,16
108,서울,2014-04-23,17.2
108,서울,2014-04-24,18.6
108,서울,2014-04-25,19
108,서울,2014-04-26,18.7
108,서울,2014-04-27,15.6
108,서울,2014-04-28,13.6
108,서울,2014-04-29,15
108,서울,2014-04-30,16.1
108,서울,2014-05-01,16
108,서울,2014-05-02,15.7
108,서울,2014-05-03,13.1
108,서울,2014-05-04,12.3
108,서울,2014-05-05,11.3
108,서울,2014-05-06,13.1
108,서울,2014-05-07,15.7
108,서울,2014-05-08,14.5
108,서울,2014-05-09,16.8
108,서울,2014-05-10,20.5
108,서울,2014-05-11,18.9
108,서울,2014-05-12,16.4
108,서울,2014-05-13,19.2
108,서울,2014-05-14,19.6
108,서울,2014-05-15,18.2
108,서울,2014-05-16,19
108,서울,2014-05-17,20
108,서울,2014-05-18,20.3
108,서울,2014-05-19,20
108,서울,2014-05-20,21.5
108,서울,2014-05-21,20.1
108,서울,2014-05-22,20.9
108,서울,2014-05-23,22
108,서울,2014-05-24,21.3
108,서울,2014-05-25,20.5
108,서울,2014-05-26,19.4
108,서울,2014-05-27,22.8
108,서울,2014-05-28,24
108,서울,2014-05-29,23.2
108,서울,2014-05-30,24.8
108,서울,2014-05-31,26.2
108,서울,2014-06-01,24.7
108,서울,2014-06-02,22.6
108,서울,2014-06-03,18.7
108,서울,2014-06-04,22.8
108,서울,2014-06-05,22.9
108,서울,2014-06-06,24.4
108,서울,2014-06-07,23.5
108,서울,2014-06-08,21.4
108,서울,2014-06-09,22.9
108,서울,2014-06-10,23.6
108,서울,2014-06-11,20.5
108,서울,2014-06-12,21.2
108,서울,2014-06-13,21.3
108,서울,2014-06-14,22.5
108,서울,2014-06-15,23.2
108,서울,2014-06-16,23.9
108,서울,2014-06-17,24.5
108,서울,2014-06-18,24.4
108,서울,2014-06-19,22.5
108,서울,2014-06-20,24.2
108,서울,2014-06-21,23.1
108,서울,2014-06-22,23.7
108,서울,2014-06-23,21
108,서울,2014-06-24,22.9
108,서울,2014-06-25,23.8
108,서울,2014-06-26,24.4
108,서울,2014-06-27,24.1
108,서울,2014-06-28,23.8
108,서울,2014-06-29,24.1
108,서울,2014-06-30,25.3
108,서울,2014-07-01,26
108,서울,2014-07-02,25.7
108,서울,2014-07-03,22.6
108,서울,2014-07-04,26.8
108,서울,2014-07-05,25.7
108,서울,2014-07-06,25.7
108,서울,2014-07-07,27.1
108,서울,2014-07-08,25.9
108,서울,2014-07-09,27.6
108,서울,2014-07-10,28.9
108,서울,2014-07-11,27.1
108,서울,2014-07-12,25.3
108,서울,2014-07-13,25.4
108,서울,2014-07-14,26.4
108,서울,2014-07-15,26.8
108,서울,2014-07-16,26.6
108,서울,2014-07-17,25.9
108,서울,2014-07-18,26.1
108,서울,2014-07-19,27
108,서울,2014-07-20,27.9
108,서울,2014-07-21,27.3
108,서울,2014-07-22,25.9
108,서울,2014-07-23,23.6
108,서울,2014-07-24,21.9
108,서울,2014-07-25,27.5
108,서울,2014-07-26,22.6
108,서울,2014-07-27,25
108,서울,2014-07-28,26.6
108,서울,2014-07-29,26.5
108,서울,2014-07-30,28.6
108,서울,2014-07-31,28.6
108,서울,2014-08-01,30.2
108,서울,2014-08-02,31.4
108,서울,2014-08-03,26.5
108,서울,2014-08-04,26.4
108,서울,2014-08-05,26.6
108,서울,2014-08-06,24.4
108,서울,2014-08-07,24.7
108,서울,2014-08-08,26.1
108,서울,2014-08-09,26.5
108,서울,2014-08-10,23.4
108,서울,2014-08-11,23.7
108,서울,2014-08-12,25.8
108,서울,2014-08-13,24.2
108,서울,2014-08-14,22.3
108,서울,2014-08-15,24.9
108,서울,2014-08-16,26.1
108,서울,2014-08-17,24
108,서울,2014-08-18,22.3
108,서울,2014-08-19,22.3
108,서울,2014-08-20,24.8
108,서울,2014-08-21,23.1
108,서울,2014-08-22,24.7
108,서울,2014-08-23,25.2
108,서울,2014-08-24,25.6
108,서울,2014-08-25,25.9
108,서울,2014-08-26,25.4
108,서울,2014-08-27,24.6
108,서울,2014-08-28,25.1
108,서울,2014-08-29,25.2
108,서울,2014-08-30,24.6
108,서울,2014-08-31,24.1
108,서울,2014-09-01,24.1
108,서울,2014-09-02,23.1
108,서울,2014-09-03,19.1
108,서울,2014-09-04,22.4
108,서울,2014-09-05,23.8
108,서울,2014-09-06,25.2
108,서울,2014-09-07,25.3
108,서울,2014-09-08,24.8
108,서울,2014-09-09,23.3
108,서울,2014-09-10,22.4
108,서울,2014-09-11,23.3
108,서울,2014-09-12,21.3
108,서울,2014-09-13,23.1
108,서울,2014-09-14,23
108,서울,2014-09-15,23.1
108,서울,2014-09-16,21.3
108,서울,2014-09-17,20.2
108,서울,2014-09-18,20.6
108,서울,2014-09-19,21.4
108,서울,2014-09-20,21.6
108,서울,2014-09-21,20.2
108,서울,2014-09-22,21.4
108,서울,2014-09-23,23
108,서울,2014-09-24,20.3
108,서울,2014-09-25,22.2
108,서울,2014-09-26,21
108,서울,2014-09-27,21.4
108,서울,2014-09-28,21.7
108,서울,2014-09-29,19.4
108,서울,2014-09-30,18.9
108,서울,2014-10-01,19.2
108,서울,2014-10-02,18.1
108,서울,2014-10-03,16.1
108,서울,2014-10-04,16.9
108,서울,2014-10-05,17.1
108,서울,2014-10-06,16.6
108,서울,2014-10-07,16.1
108,서울,2014-10-08,16.7
108,서울,2014-10-09,18.6
108,서울,2014-10-10,19
108,서울,2014-10-11,19.4
108,서울,2014-10-12,21.2
108,서울,2014-10-13,17.4
108,서울,2014-10-14,13.8
108,서울,2014-10-15,13.8
108,서울,2014-10-16,13.2
108,서울,2014-10-17,13.6
108,서울,2014-10-18,15.5
108,서울,2014-10-19,17
108,서울,2014-10-20,14.4
108,서울,2014-10-21,13.8
108,서울,2014-10-22,13.6
108,서울,2014-10-23,13.8
108,서울,2014-10-24,15.1
108,서울,2014-10-25,16.5
108,서울,2014-10-26,16
108,서울,2014-10-27,10.7
108,서울,2014-10-28,10.2
108,서울,2014-10-29,12.1
108,서울,2014-10-30,14.2
108,서울,2014-10-31,15
108,서울,2014-11-01,17.3
108,서울,2014-11-02,12
108,서울,2014-11-03,9.3
108,서울,2014-11-04,11.3
108,서울,2014-11-05,12.4
108,서울,2014-11-06,13.5
108,서울,2014-11-07,9.8
108,서울,2014-11-08,9.9
108,서울,2014-11-09,10
108,서울,2014-11-10,9.4
108,서울,2014-11-11,9.4
108,서울,2014-11-12,6
108,서울,2014-11-13,-.2
108,서울,2014-11-14,4.2
108,서울,2014-11-15,4.1
108,서울,2014-11-16,6.6
108,서울,2014-11-17,6.2
108,서울,2014-11-18,5
108,서울,2014-11-19,5.6
108,서울,2014-11-20,7.9
108,서울,2014-11-21,11.3
108,서울,2014-11-22,11
108,서울,2014-11-23,9
108,서울,2014-11-24,9.8
108,서울,2014-11-25,10.2
108,서울,2014-11-26,11
108,서울,2014-11-27,10.4
108,서울,2014-11-28,8.8
108,서울,2014-11-29,8.3
108,서울,2014-11-30,9.1
108,서울,2014-12-01,-1.1
108,서울,2014-12-02,-5.4
108,서울,2014-12-03,-3.3
108,서울,2014-12-04,-4.6
108,서울,2014-12-05,-6.6
108,서울,2014-12-06,-5.6
108,서울,2014-12-07,-3.4
108,서울,2014-12-08,-1.6
108,서울,2014-12-09,-2.4
108,서울,2014-12-10,1.6
108,서울,2014-12-11,-1.5
108,서울,2014-12-12,-3.8
108,서울,2014-12-13,-5.2
108,서울,2014-12-14,-3.6
108,서울,2014-12-15,-.1
108,서울,2014-12-16,-4.9
108,서울,2014-12-17,-9
108,서울,2014-12-18,-8.3
108,서울,2014-12-19,-3.8
108,서울,2014-12-20,-1.7
108,서울,2014-12-21,-6.4
108,서울,2014-12-22,-4.7
108,서울,2014-12-23,-1.3
108,서울,2014-12-24,1.7
108,서울,2014-12-25,-2.6
108,서울,2014-12-26,-3.2
108,서울,2014-12-27,-1.8
108,서울,2014-12-28,-.8
108,서울,2014-12-29,2.9
108,서울,2014-12-30,1.9
108,서울,2014-12-31,-1.9
108,서울,2015-01-01,-7.7
108,서울,2015-01-02,-6
108,서울,2015-01-03,-2.7
108,서울,2015-01-04,2.5
108,서울,2015-01-05,3.7
108,서울,2015-01-06,-3.2
108,서울,2015-01-07,-5.5
108,서울,2015-01-08,-5.1
108,서울,2015-01-09,-2.1
108,서울,2015-01-10,-.3
108,서울,2015-01-11,-.4
108,서울,2015-01-12,-2.7
108,서울,2015-01-13,.2
108,서울,2015-01-14,2.5
108,서울,2015-01-15,2.8
108,서울,2015-01-16,.8
108,서울,2015-01-17,-4.1
108,서울,2015-01-18,-1.3
108,서울,2015-01-19,-.1
108,서울,2015-01-20,-.9
108,서울,2015-01-21,2.6
108,서울,2015-01-22,3.1
108,서울,2015-01-23,1.2
108,서울,2015-01-24,3.7
108,서울,2015-01-25,3
108,서울,2015-01-26,3.6
108,서울,2015-01-27,-3.6
108,서울,2015-01-28,-4.1
108,서울,2015-01-29,-1.1
108,서울,2015-01-30,-3.3
108,서울,2015-01-31,-4.5
108,서울,2015-02-01,-3
108,서울,2015-02-02,-.6
108,서울,2015-02-03,.6
108,서울,2015-02-04,.4
108,서울,2015-02-05,-.1
108,서울,2015-02-06,.4
108,서울,2015-02-07,1.2
108,서울,2015-02-08,-9.8
108,서울,2015-02-09,-5.7
108,서울,2015-02-10,1.7
108,서울,2015-02-11,2.7
108,서울,2015-02-12,-2.2
108,서울,2015-02-13,-1.6
108,서울,2015-02-14,2
108,서울,2015-02-15,7.9
108,서울,2015-02-16,5
108,서울,2015-02-17,1.9
108,서울,2015-02-18,.8
108,서울,2015-02-19,2.2
108,서울,2015-02-20,5.2
108,서울,2015-02-21,5.7
108,서울,2015-02-22,3.5
108,서울,2015-02-23,.9
108,서울,2015-02-24,2.1
108,서울,2015-02-25,5.4
108,서울,2015-02-26,1.2
108,서울,2015-02-27,-1.3
108,서울,2015-02-28,2.7
108,서울,2015-03-01,2.4
108,서울,2015-03-02,3.9
108,서울,2015-03-03,2.8
108,서울,2015-03-04,-2.1
108,서울,2015-03-05,-.3
108,서울,2015-03-06,2.9
108,서울,2015-03-07,4.2
108,서울,2015-03-08,7.7
108,서울,2015-03-09,2.2
108,서울,2015-03-10,-3.4
108,서울,2015-03-11,.4
108,서울,2015-03-12,2.1
108,서울,2015-03-13,5.6
108,서울,2015-03-14,4.3
108,서울,2015-03-15,5.5
108,서울,2015-03-16,9.8
108,서울,2015-03-17,10.7
108,서울,2015-03-18,10.7
108,서울,2015-03-19,12.4
108,서울,2015-03-20,13.4
108,서울,2015-03-21,11.7
108,서울,2015-03-22,8.3
108,서울,2015-03-23,4.6
108,서울,2015-03-24,5.4
108,서울,2015-03-25,6.5
108,서울,2015-03-26,7.9
108,서울,2015-03-27,9.1
108,서울,2015-03-28,9.7
108,서울,2015-03-29,10.5
108,서울,2015-03-30,13.2
108,서울,2015-03-31,12.9
108,서울,2015-04-01,12.9
108,서울,2015-04-02,14.8
108,서울,2015-04-03,10.6
108,서울,2015-04-04,13.5
108,서울,2015-04-05,10.5
108,서울,2015-04-06,10.3
108,서울,2015-04-07,8.4
108,서울,2015-04-08,8.3
108,서울,2015-04-09,9.6
108,서울,2015-04-10,11.6
108,서울,2015-04-11,13.5
108,서울,2015-04-12,14.9
108,서울,2015-04-13,12
108,서울,2015-04-14,6.9
108,서울,2015-04-15,11.1
108,서울,2015-04-16,9.9
108,서울,2015-04-17,10.5
108,서울,2015-04-18,15.2
108,서울,2015-04-19,14.5
108,서울,2015-04-20,12.2
108,서울,2015-04-21,14
108,서울,2015-04-22,14.2
108,서울,2015-04-23,14.5
108,서울,2015-04-24,15.7
108,서울,2015-04-25,15.9
108,서울,2015-04-26,17.3
108,서울,2015-04-27,18.5
108,서울,2015-04-28,20.3
108,서울,2015-04-29,17
108,서울,2015-04-30,21.2
108,서울,2015-05-01,21
108,서울,2015-05-02,20.7
108,서울,2015-05-03,18.3
108,서울,2015-05-04,16.1
108,서울,2015-05-05,14.2
108,서울,2015-05-06,15.4
108,서울,2015-05-07,16.5
108,서울,2015-05-08,16.7
108,서울,2015-05-09,17.6
108,서울,2015-05-10,19.1
108,서울,2015-05-11,18.4
108,서울,2015-05-12,13.3
108,서울,2015-05-13,17.4
108,서울,2015-05-14,20.4
108,서울,2015-05-15,19.1
108,서울,2015-05-16,18
108,서울,2015-05-17,18.6
108,서울,2015-05-18,17.7
108,서울,2015-05-19,14.8
108,서울,2015-05-20,16.3
108,서울,2015-05-21,18.7
108,서울,2015-05-22,20
108,서울,2015-05-23,20.6
108,서울,2015-05-24,21
108,서울,2015-05-25,20.8
108,서울,2015-05-26,21.5
108,서울,2015-05-27,23.2
108,서울,2015-05-28,24.3
108,서울,2015-05-29,23.8
108,서울,2015-05-30,19.8
108,서울,2015-05-31,22.1
108,서울,2015-06-01,21.7
108,서울,2015-06-02,23.1
108,서울,2015-06-03,23.3
108,서울,2015-06-04,24.2
108,서울,2015-06-05,19.1
108,서울,2015-06-06,22.4
108,서울,2015-06-07,23.4
108,서울,2015-06-08,22.4
108,서울,2015-06-09,22.2
108,서울,2015-06-10,25.3
108,서울,2015-06-11,24.6
108,서울,2015-06-12,23.6
108,서울,2015-06-13,24.7
108,서울,2015-06-14,22.8
108,서울,2015-06-15,24.2
108,서울,2015-06-16,25
108,서울,2015-06-17,23.4
108,서울,2015-06-18,24.8
108,서울,2015-06-19,24.5
108,서울,2015-06-20,19.6
108,서울,2015-06-21,22.4
108,서울,2015-06-22,24
108,서울,2015-06-23,24.7
108,서울,2015-06-24,25.7
108,서울,2015-06-25,24.8
108,서울,2015-06-26,21
108,서울,2015-06-27,25.2
108,서울,2015-06-28,25.4
108,서울,2015-06-29,25.7
108,서울,2015-06-30,24.4
108,서울,2015-07-01,23.7
108,서울,2015-07-02,23.7
108,서울,2015-07-03,23.3
108,서울,2015-07-04,24.1
108,서울,2015-07-05,24.2
108,서울,2015-07-06,25.3
108,서울,2015-07-07,25.6
108,서울,2015-07-08,23.4
108,서울,2015-07-09,26.5
108,서울,2015-07-10,29.2
108,서울,2015-07-11,30.4
108,서울,2015-07-12,24.8
108,서울,2015-07-13,23.1
108,서울,2015-07-14,26.1
108,서울,2015-07-15,27.9
108,서울,2015-07-16,24.7
108,서울,2015-07-17,23.6
108,서울,2015-07-18,24.3
108,서울,2015-07-19,25.1
108,서울,2015-07-20,27.5
108,서울,2015-07-21,27
108,서울,2015-07-22,27.7
108,서울,2015-07-23,26.9
108,서울,2015-07-24,24.7
108,서울,2015-07-25,25
108,서울,2015-07-26,26
108,서울,2015-07-27,26.2
108,서울,2015-07-28,27.7
108,서울,2015-07-29,26.7
108,서울,2015-07-30,28.6
108,서울,2015-07-31,27.9
108,서울,2015-08-01,28.2
108,서울,2015-08-02,26.5
108,서울,2015-08-03,27.9
108,서울,2015-08-04,27.5
108,서울,2015-08-05,28.6
108,서울,2015-08-06,29.3
108,서울,2015-08-07,28.9
108,서울,2015-08-08,26.6
108,서울,2015-08-09,26.7
108,서울,2015-08-10,27
108,서울,2015-08-11,26.8
108,서울,2015-08-12,27.3
108,서울,2015-08-13,26.5
108,서울,2015-08-14,26.9
108,서울,2015-08-15,27.1
108,서울,2015-08-16,25.8
108,서울,2015-08-17,26.6
108,서울,2015-08-18,27.9
108,서울,2015-08-19,26.8
108,서울,2015-08-20,25.4
108,서울,2015-08-21,25.2
108,서울,2015-08-22,25.5
108,서울,2015-08-23,26.3
108,서울,2015-08-24,26.3
108,서울,2015-08-25,21.7
108,서울,2015-08-26,21.9
108,서울,2015-08-27,24.7
108,서울,2015-08-28,23.2
108,서울,2015-08-29,24.4
108,서울,2015-08-30,24.9
108,서울,2015-08-31,25.9
108,서울,2015-09-01,25.9
108,서울,2015-09-02,23.9
108,서울,2015-09-03,23.9
108,서울,2015-09-04,24.8
108,서울,2015-09-05,21.9
108,서울,2015-09-06,22.2
108,서울,2015-09-07,22.6
108,서울,2015-09-08,22.7
108,서울,2015-09-09,22.4
108,서울,2015-09-10,22.4
108,서울,2015-09-11,21
108,서울,2015-09-12,19.2
108,서울,2015-09-13,20.2
108,서울,2015-09-14,22.1
108,서울,2015-09-15,22.8
108,서울,2015-09-16,21.6
108,서울,2015-09-17,21.4
108,서울,2015-09-18,21.9
108,서울,2015-09-19,22.3
108,서울,2015-09-20,22.1
108,서울,2015-09-21,22.6
108,서울,2015-09-22,23.9
108,서울,2015-09-23,22
108,서울,2015-09-24,23.4
108,서울,2015-09-25,23.4
108,서울,2015-09-26,22.4
108,서울,2015-09-27,21.9
108,서울,2015-09-28,21.4
108,서울,2015-09-29,22.1
108,서울,2015-09-30,21.3
108,서울,2015-10-01,16.3
108,서울,2015-10-02,16.5
108,서울,2015-10-03,19.2
108,서울,2015-10-04,16.6
108,서울,2015-10-05,18
108,서울,2015-10-06,18.7
108,서울,2015-10-07,19.6
108,서울,2015-10-08,20.1
108,서울,2015-10-09,16.2
108,서울,2015-10-10,12.8
108,서울,2015-10-11,10.8
108,서울,2015-10-12,12.3
108,서울,2015-10-13,15
108,서울,2015-10-14,17.1
108,서울,2015-10-15,17.9
108,서울,2015-10-16,17.5
108,서울,2015-10-17,18.7
108,서울,2015-10-18,17.9
108,서울,2015-10-19,18.1
108,서울,2015-10-20,18.8
108,서울,2015-10-21,17.9
108,서울,2015-10-22,17.5
108,서울,2015-10-23,17.5
108,서울,2015-10-24,16.9
108,서울,2015-10-25,16.3
108,서울,2015-10-26,15
108,서울,2015-10-27,12.1
108,서울,2015-10-28,9.9
108,서울,2015-10-29,8.4
108,서울,2015-10-30,5.4
108,서울,2015-10-31,5.7
108,서울,2015-11-01,7
108,서울,2015-11-02,10.8
108,서울,2015-11-03,11.8
108,서울,2015-11-04,12.2
108,서울,2015-11-05,13.2
108,서울,2015-11-06,13.5
108,서울,2015-11-07,10.5
108,서울,2015-11-08,11.1
108,서울,2015-11-09,10.8
108,서울,2015-11-10,10
108,서울,2015-11-11,11.6
108,서울,2015-11-12,14.5
108,서울,2015-11-13,11.5
108,서울,2015-11-14,12.8
108,서울,2015-11-15,13.4
108,서울,2015-11-16,12.2
108,서울,2015-11-17,13.9
108,서울,2015-11-18,10.4
108,서울,2015-11-19,8.9
108,서울,2015-11-20,9.8
108,서울,2015-11-21,9.2
108,서울,2015-11-22,10.2
108,서울,2015-11-23,8.5
108,서울,2015-11-24,5.6
108,서울,2015-11-25,2.4
108,서울,2015-11-26,-2.7
108,서울,2015-11-27,-2.8
108,서울,2015-11-28,.1
108,서울,2015-11-29,2.5
108,서울,2015-11-30,4.1
108,서울,2015-12-01,4
108,서울,2015-12-02,6
108,서울,2015-12-03,-.7
108,서울,2015-12-04,-.4
108,서울,2015-12-05,3.4
108,서울,2015-12-06,1.3
108,서울,2015-12-07,1.9
108,서울,2015-12-08,2.9
108,서울,2015-12-09,5
108,서울,2015-12-10,7.8
108,서울,2015-12-11,6.4
108,서울,2015-12-12,5.2
108,서울,2015-12-13,5.2
108,서울,2015-12-14,5
108,서울,2015-12-15,4.7
108,서울,2015-12-16,-1
108,서울,2015-12-17,-4.6
108,서울,2015-12-18,-3.3
108,서울,2015-12-19,-.1
108,서울,2015-12-20,1.5
108,서울,2015-12-21,2.2
108,서울,2015-12-22,3.1
108,서울,2015-12-23,5.9
108,서울,2015-12-24,1.5
108,서울,2015-12-25,-.8
108,서울,2015-12-26,.9
108,서울,2015-12-27,-5.7
108,서울,2015-12-28,-5.7
108,서울,2015-12-29,-3.2
108,서울,2015-12-30,.3
108,서울,2015-12-31,.7
108,서울,2016-01-01,1.2
108,서울,2016-01-02,5.7
108,서울,2016-01-03,6.5
108,서울,2016-01-04,2
108,서울,2016-01-05,-2.7
108,서울,2016-01-06,-1.7
108,서울,2016-01-07,-3.4
108,서울,2016-01-08,-3.3
108,서울,2016-01-09,-2.1
108,서울,2016-01-10,.3
108,서울,2016-01-11,-3.8
108,서울,2016-01-12,-5.2
108,서울,2016-01-13,-4.5
108,서울,2016-01-14,-3.4
108,서울,2016-01-15,-.4
108,서울,2016-01-16,-.2
108,서울,2016-01-17,1.7
108,서울,2016-01-18,-6.3
108,서울,2016-01-19,-12.8
108,서울,2016-01-20,-10.5
108,서울,2016-01-21,-7.1
108,서울,2016-01-22,-7.6
108,서울,2016-01-23,-11.5
108,서울,2016-01-24,-14.4
108,서울,2016-01-25,-9.4
108,서울,2016-01-26,-3.3
108,서울,2016-01-27,-1.1
108,서울,2016-01-28,-.5
108,서울,2016-01-29,1.9
108,서울,2016-01-30,.6
108,서울,2016-01-31,-3.9
108,서울,2016-02-01,-6
108,서울,2016-02-02,-5.3
108,서울,2016-02-03,-2.4
108,서울,2016-02-04,-.7
108,서울,2016-02-05,-2.2
108,서울,2016-02-06,-3.1
108,서울,2016-02-07,-2.9
108,서울,2016-02-08,1.3
108,서울,2016-02-09,.3
108,서울,2016-02-10,2.7
108,서울,2016-02-11,8.1
108,서울,2016-02-12,8.4
108,서울,2016-02-13,11
108,서울,2016-02-14,-2.6
108,서울,2016-02-15,-5.8
108,서울,2016-02-16,-2.7
108,서울,2016-02-17,0
108,서울,2016-02-18,3.5
108,서울,2016-02-19,2.3
108,서울,2016-02-20,1.3
108,서울,2016-02-21,-.6
108,서울,2016-02-22,1.1
108,서울,2016-02-23,.7
108,서울,2016-02-24,-3
108,서울,2016-02-25,-.2
108,서울,2016-02-26,2.2
108,서울,2016-02-27,3.3
108,서울,2016-02-28,.7
108,서울,2016-02-29,-3.8
108,서울,2016-03-01,-2.7
108,서울,2016-03-02,3.1
108,서울,2016-03-03,8.1
108,서울,2016-03-04,13.2
108,서울,2016-03-05,11.3
108,서울,2016-03-06,7.9
108,서울,2016-03-07,8.1
108,서울,2016-03-08,2.7
108,서울,2016-03-09,.3
108,서울,2016-03-10,-1.1
108,서울,2016-03-11,-.5
108,서울,2016-03-12,2
108,서울,2016-03-13,3.7
108,서울,2016-03-14,4.7
108,서울,2016-03-15,5.2
108,서울,2016-03-16,7.5
108,서울,2016-03-17,9.3
108,서울,2016-03-18,13.4
108,서울,2016-03-19,11.4
108,서울,2016-03-20,10.6
108,서울,2016-03-21,9.9
108,서울,2016-03-22,8
108,서울,2016-03-23,8.2
108,서울,2016-03-24,7.2
108,서울,2016-03-25,7.1
108,서울,2016-03-26,6.5
108,서울,2016-03-27,7.2
108,서울,2016-03-28,9.8
108,서울,2016-03-29,11.3
108,서울,2016-03-30,11.5
108,서울,2016-03-31,13.5
108,서울,2016-04-01,15.3
108,서울,2016-04-02,15
108,서울,2016-04-03,10.7
108,서울,2016-04-04,12.3
108,서울,2016-04-05,11.4
108,서울,2016-04-06,14.4
108,서울,2016-04-07,14.1
108,서울,2016-04-08,11.1
108,서울,2016-04-09,10.7
108,서울,2016-04-10,13.4
108,서울,2016-04-11,12.5
108,서울,2016-04-12,14.1
108,서울,2016-04-13,15.6
108,서울,2016-04-14,12.4
108,서울,2016-04-15,15
108,서울,2016-04-16,14.9
108,서울,2016-04-17,10.8
108,서울,2016-04-18,11.2
108,서울,2016-04-19,12
108,서울,2016-04-20,14.3
108,서울,2016-04-21,13.5
108,서울,2016-04-22,13.5
108,서울,2016-04-23,13.5
108,서울,2016-04-24,15.5
108,서울,2016-04-25,17.2
108,서울,2016-04-26,21.1
108,서울,2016-04-27,17.2
108,서울,2016-04-28,17.2
108,서울,2016-04-29,16.2
108,서울,2016-04-30,15.9
108,서울,2016-05-01,18.8
108,서울,2016-05-02,21.1
108,서울,2016-05-03,12.9
108,서울,2016-05-04,15.7
108,서울,2016-05-05,18.9
108,서울,2016-05-06,16.3
108,서울,2016-05-07,16.5
108,서울,2016-05-08,19.4
108,서울,2016-05-09,20.2
108,서울,2016-05-10,14.5
108,서울,2016-05-11,16.4
108,서울,2016-05-12,17.8
108,서울,2016-05-13,18.6
108,서울,2016-05-14,20.2
108,서울,2016-05-15,17.4
108,서울,2016-05-16,15.9
108,서울,2016-05-17,19.3
108,서울,2016-05-18,22.3
108,서울,2016-05-19,24.3
108,서울,2016-05-20,24
108,서울,2016-05-21,24.1
108,서울,2016-05-22,24.7
108,서울,2016-05-23,23.3
108,서울,2016-05-24,16.8
108,서울,2016-05-25,19.7
108,서울,2016-05-26,19.4
108,서울,2016-05-27,20.9
108,서울,2016-05-28,21.7
108,서울,2016-05-29,21.5
108,서울,2016-05-30,22.1
108,서울,2016-05-31,21.6
108,서울,2016-06-01,23.3
108,서울,2016-06-02,23.2
108,서울,2016-06-03,22.2
108,서울,2016-06-04,21.2
108,서울,2016-06-05,24.7
108,서울,2016-06-06,23.3
108,서울,2016-06-07,21.7
108,서울,2016-06-08,22.1
108,서울,2016-06-09,24.1
108,서울,2016-06-10,24.6
108,서울,2016-06-11,23.5
108,서울,2016-06-12,23.5
108,서울,2016-06-13,23.5
108,서울,2016-06-14,23.8
108,서울,2016-06-15,20.9
108,서울,2016-06-16,20.9
108,서울,2016-06-17,23.8
108,서울,2016-06-18,24.5
108,서울,2016-06-19,24.1
108,서울,2016-06-20,24.7
108,서울,2016-06-21,26
108,서울,2016-06-22,24.3
108,서울,2016-06-23,24.7
108,서울,2016-06-24,23.1
108,서울,2016-06-25,22.8
108,서울,2016-06-26,24.4
108,서울,2016-06-27,24.4
108,서울,2016-06-28,24.7
108,서울,2016-06-29,25.3
108,서울,2016-06-30,24.6
108,서울,2016-07-01,24
108,서울,2016-07-02,23.5
108,서울,2016-07-03,23.5
108,서울,2016-07-04,21.8
108,서울,2016-07-05,23.1
108,서울,2016-07-06,22.9
108,서울,2016-07-07,24
108,서울,2016-07-08,27.3
108,서울,2016-07-09,27.7
108,서울,2016-07-10,27.9
108,서울,2016-07-11,28.4
108,서울,2016-07-12,26.3
108,서울,2016-07-13,26.3
108,서울,2016-07-14,27.5
108,서울,2016-07-15,26.2
108,서울,2016-07-16,20.8
108,서울,2016-07-17,21.7
108,서울,2016-07-18,24.4
108,서울,2016-07-19,27.1
108,서울,2016-07-20,28.6
108,서울,2016-07-21,28.3
108,서울,2016-07-22,29.1
108,서울,2016-07-23,28.7
108,서울,2016-07-24,28
108,서울,2016-07-25,28.4
108,서울,2016-07-26,28.4
108,서울,2016-07-27,27.6
108,서울,2016-07-28,28
108,서울,2016-07-29,26.3
108,서울,2016-07-30,28.6
108,서울,2016-07-31,28.9
108,서울,2016-08-01,28.4
108,서울,2016-08-02,27.2
108,서울,2016-08-03,29.1
108,서울,2016-08-04,30.7
108,서울,2016-08-05,31.2
108,서울,2016-08-06,30.5
108,서울,2016-08-07,30.6
108,서울,2016-08-08,30.5
108,서울,2016-08-09,29.3
108,서울,2016-08-10,29.4
108,서울,2016-08-11,30.5
108,서울,2016-08-12,30.4
108,서울,2016-08-13,30.2
108,서울,2016-08-14,28.9
108,서울,2016-08-15,29.1
108,서울,2016-08-16,29.3
108,서울,2016-08-17,29.9
108,서울,2016-08-18,29.9
108,서울,2016-08-19,28.9
108,서울,2016-08-20,30.1
108,서울,2016-08-21,30.7
108,서울,2016-08-22,30.7
108,서울,2016-08-23,28.3
108,서울,2016-08-24,29.1
108,서울,2016-08-25,27.1
108,서울,2016-08-26,23
108,서울,2016-08-27,23.4
108,서울,2016-08-28,21
108,서울,2016-08-29,22.2
108,서울,2016-08-30,20.6
108,서울,2016-08-31,17.7
108,서울,2016-09-01,23.2
108,서울,2016-09-02,24.2
108,서울,2016-09-03,23.9
108,서울,2016-09-04,25.6
108,서울,2016-09-05,26.4
108,서울,2016-09-06,24.7
108,서울,2016-09-07,24.3
108,서울,2016-09-08,23
108,서울,2016-09-09,23.9
108,서울,2016-09-10,24.4
108,서울,2016-09-11,24.5
108,서울,2016-09-12,23.4
108,서울,2016-09-13,24.6
108,서울,2016-09-14,24.6
108,서울,2016-09-15,23.9
108,서울,2016-09-16,24.6
108,서울,2016-09-17,23.1
108,서울,2016-09-18,23.5
108,서울,2016-09-19,21.9
108,서울,2016-09-20,20.6
108,서울,2016-09-21,20.2
108,서울,2016-09-22,21.9
108,서울,2016-09-23,21.4
108,서울,2016-09-24,22.3
108,서울,2016-09-25,23
108,서울,2016-09-26,23.6
108,서울,2016-09-27,21
108,서울,2016-09-28,19.9
108,서울,2016-09-29,20.4
108,서울,2016-09-30,20.5
108,서울,2016-10-01,21.1
108,서울,2016-10-02,19
108,서울,2016-10-03,22.7
108,서울,2016-10-04,22
108,서울,2016-10-05,21.1
108,서울,2016-10-06,18
108,서울,2016-10-07,19.7
108,서울,2016-10-08,16.8
108,서울,2016-10-09,11.3
108,서울,2016-10-10,14
108,서울,2016-10-11,15.4
108,서울,2016-10-12,15.5
108,서울,2016-10-13,15.2
108,서울,2016-10-14,16.7
108,서울,2016-10-15,19.1
108,서울,2016-10-16,17.2
108,서울,2016-10-17,17.5
108,서울,2016-10-18,17
108,서울,2016-10-19,18
108,서울,2016-10-20,18.6
108,서울,2016-10-21,17.9
108,서울,2016-10-22,18.3
108,서울,2016-10-23,13.3
108,서울,2016-10-24,15.1
108,서울,2016-10-25,14.1
108,서울,2016-10-26,13.3
108,서울,2016-10-27,14.6
108,서울,2016-10-28,14.6
108,서울,2016-10-29,7.8
108,서울,2016-10-30,7.9
108,서울,2016-10-31,5.7
108,서울,2016-11-01,1.5
108,서울,2016-11-02,4.1
108,서울,2016-11-03,9.1
108,서울,2016-11-04,12.3
108,서울,2016-11-05,15
108,서울,2016-11-06,14
108,서울,2016-11-07,12.8
108,서울,2016-11-08,4.1
108,서울,2016-11-09,2.1
108,서울,2016-11-10,6
108,서울,2016-11-11,9.1
108,서울,2016-11-12,11.4
108,서울,2016-11-13,14.4
108,서울,2016-11-14,13.2
108,서울,2016-11-15,5.2
108,서울,2016-11-16,5.2
108,서울,2016-11-17,9.1
108,서울,2016-11-18,10.3
108,서울,2016-11-19,13
108,서울,2016-11-20,9.8
108,서울,2016-11-21,9.5
108,서울,2016-11-22,2
108,서울,2016-11-23,-1.8
108,서울,2016-11-24,-2.5
108,서울,2016-11-25,1
108,서울,2016-11-26,.9
108,서울,2016-11-27,3.3
108,서울,2016-11-28,1.4
108,서울,2016-11-29,1.7
108,서울,2016-11-30,6
108,서울,2016-12-01,4.1
108,서울,2016-12-02,1.6
108,서울,2016-12-03,4.5
108,서울,2016-12-04,5.5
108,서울,2016-12-05,5.9
108,서울,2016-12-06,-1.1
108,서울,2016-12-07,1.7
108,서울,2016-12-08,2.1
108,서울,2016-12-09,1.4
108,서울,2016-12-10,-1.6
108,서울,2016-12-11,-1.1
108,서울,2016-12-12,2.3
108,서울,2016-12-13,3.4
108,서울,2016-12-14,-1.4
108,서울,2016-12-15,-5
108,서울,2016-12-16,-4.7
108,서울,2016-12-17,2.7
108,서울,2016-12-18,4.9
108,서울,2016-12-19,7.2
108,서울,2016-12-20,7.6
108,서울,2016-12-21,7.9
108,서울,2016-12-22,5.5
108,서울,2016-12-23,-2.5
108,서울,2016-12-24,-2.4
108,서울,2016-12-25,1
108,서울,2016-12-26,2.5
108,서울,2016-12-27,-2.3
108,서울,2016-12-28,-3.7
108,서울,2016-12-29,-4.2
108,서울,2016-12-30,-3.9
108,서울,2016-12-31,.7
108,서울,2017-01-01,2.7
108,서울,2017-01-02,5
108,서울,2017-01-03,2
108,서울,2017-01-04,3.9
108,서울,2017-01-05,3.8
108,서울,2017-01-06,5.4
108,서울,2017-01-07,4.6
108,서울,2017-01-08,6.5
108,서울,2017-01-09,1.5
108,서울,2017-01-10,-3.7
108,서울,2017-01-11,-3.8
108,서울,2017-01-12,-2.2
108,서울,2017-01-13,-6
108,서울,2017-01-14,-8.4
108,서울,2017-01-15,-6.6
108,서울,2017-01-16,-3.8
108,서울,2017-01-17,-2
108,서울,2017-01-18,-.5
108,서울,2017-01-19,-1.2
108,서울,2017-01-20,-4.4
108,서울,2017-01-21,-5.2
108,서울,2017-01-22,-8.3
108,서울,2017-01-23,-8.9
108,서울,2017-01-24,-7
108,서울,2017-01-25,-5.2
108,서울,2017-01-26,-1.3
108,서울,2017-01-27,-2.6
108,서울,2017-01-28,-1.6
108,서울,2017-01-29,.8
108,서울,2017-01-30,-4.8
108,서울,2017-01-31,-5.4
108,서울,2017-02-01,-4
108,서울,2017-02-02,-2.7
108,서울,2017-02-03,1.5
108,서울,2017-02-04,.9
108,서울,2017-02-05,1.2
108,서울,2017-02-06,-1.7
108,서울,2017-02-07,-2
108,서울,2017-02-08,-2.2
108,서울,2017-02-09,-5.3
108,서울,2017-02-10,-6.6
108,서울,2017-02-11,-4.8
108,서울,2017-02-12,-2.2
108,서울,2017-02-13,.1
108,서울,2017-02-14,.3
108,서울,2017-02-15,1.8
108,서울,2017-02-16,5.5
108,서울,2017-02-17,.8
108,서울,2017-02-18,-2.6
108,서울,2017-02-19,2.3
108,서울,2017-02-20,-1.5
108,서울,2017-02-21,-.6
108,서울,2017-02-22,1.7
108,서울,2017-02-23,-1.5
108,서울,2017-02-24,-.8
108,서울,2017-02-25,2.6
108,서울,2017-02-26,3.6
108,서울,2017-02-27,3.7
108,서울,2017-02-28,5.6
108,서울,2017-03-01,5
108,서울,2017-03-02,1.8
108,서울,2017-03-03,3.3
108,서울,2017-03-04,5.7
108,서울,2017-03-05,5.2
108,서울,2017-03-06,.1
108,서울,2017-03-07,-1.3
108,서울,2017-03-08,-.1
108,서울,2017-03-09,3.2
108,서울,2017-03-10,4.8
108,서울,2017-03-11,7.3
108,서울,2017-03-12,8.2
108,서울,2017-03-13,6.9
108,서울,2017-03-14,5.8
108,서울,2017-03-15,6.3
108,서울,2017-03-16,6.2
108,서울,2017-03-17,7.7
108,서울,2017-03-18,9.5
108,서울,2017-03-19,10.9
108,서울,2017-03-20,10.2
108,서울,2017-03-21,7.4
108,서울,2017-03-22,7.6
108,서울,2017-03-23,9.1
108,서울,2017-03-24,8.7
108,서울,2017-03-25,8.1
108,서울,2017-03-26,7.3
108,서울,2017-03-27,6.1
108,서울,2017-03-28,7.1
108,서울,2017-03-29,8.8
108,서울,2017-03-30,10.6
108,서울,2017-03-31,8.6
108,서울,2017-04-01,9
108,서울,2017-04-02,9
108,서울,2017-04-03,11.4
108,서울,2017-04-04,14.1
108,서울,2017-04-05,12
108,서울,2017-04-06,10.4
108,서울,2017-04-07,14.5
108,서울,2017-04-08,13
108,서울,2017-04-09,14.8
108,서울,2017-04-10,16.5
108,서울,2017-04-11,15.3
108,서울,2017-04-12,11.5
108,서울,2017-04-13,12.7
108,서울,2017-04-14,13
108,서울,2017-04-15,16.8
108,서울,2017-04-16,18.7
108,서울,2017-04-17,14.7
108,서울,2017-04-18,11.7
108,서울,2017-04-19,12.6
108,서울,2017-04-20,12.9
108,서울,2017-04-21,13.1
108,서울,2017-04-22,14.8
108,서울,2017-04-23,14.9
108,서울,2017-04-24,15.1
108,서울,2017-04-25,16
108,서울,2017-04-26,15.1
108,서울,2017-04-27,13.6
108,서울,2017-04-28,14.4
108,서울,2017-04-29,17.1
108,서울,2017-04-30,19.3
108,서울,2017-05-01,20.1
108,서울,2017-05-02,20.7
108,서울,2017-05-03,21.5
108,서울,2017-05-04,21
108,서울,2017-05-05,20.9
108,서울,2017-05-06,14.9
108,서울,2017-05-07,16.6
108,서울,2017-05-08,17.9
108,서울,2017-05-09,17.1
108,서울,2017-05-10,16.4
108,서울,2017-05-11,19.3
108,서울,2017-05-12,19.1
108,서울,2017-05-13,16.4
108,서울,2017-05-14,15.7
108,서울,2017-05-15,16
108,서울,2017-05-16,17.1
108,서울,2017-05-17,18.6
108,서울,2017-05-18,20.4
108,서울,2017-05-19,21.1
108,서울,2017-05-20,20.9
108,서울,2017-05-21,21.5
108,서울,2017-05-22,21.8
108,서울,2017-05-23,20
108,서울,2017-05-24,21.8
108,서울,2017-05-25,19.2
108,서울,2017-05-26,17.7
108,서울,2017-05-27,19.5
108,서울,2017-05-28,21.2
108,서울,2017-05-29,22.9
108,서울,2017-05-30,23.6
108,서울,2017-05-31,23.3
108,서울,2017-06-01,23.3
108,서울,2017-06-02,20.5
108,서울,2017-06-03,20.5
108,서울,2017-06-04,21.7
108,서울,2017-06-05,24.2
108,서울,2017-06-06,19.4
108,서울,2017-06-07,17.6
108,서울,2017-06-08,20.1
108,서울,2017-06-09,21.2
108,서울,2017-06-10,21.5
108,서울,2017-06-11,22.8
108,서울,2017-06-12,22.1
108,서울,2017-06-13,21.5
108,서울,2017-06-14,21.8
108,서울,2017-06-15,23.1
108,서울,2017-06-16,25.5
108,서울,2017-06-17,24.2
108,서울,2017-06-18,24.3
108,서울,2017-06-19,24.8
108,서울,2017-06-20,26
108,서울,2017-06-21,25.4
108,서울,2017-06-22,25.3
108,서울,2017-06-23,26.7
108,서울,2017-06-24,24.5
108,서울,2017-06-25,23.8
108,서울,2017-06-26,23.1
108,서울,2017-06-27,25.2
108,서울,2017-06-28,26
108,서울,2017-06-29,26.2
108,서울,2017-06-30,25.9
108,서울,2017-07-01,25.3
108,서울,2017-07-02,24.3
108,서울,2017-07-03,24.7
108,서울,2017-07-04,26.7
108,서울,2017-07-05,27.4
108,서울,2017-07-06,27.6
108,서울,2017-07-07,26.4
108,서울,2017-07-08,26
108,서울,2017-07-09,26.3
108,서울,2017-07-10,24
108,서울,2017-07-11,26
108,서울,2017-07-12,27.1
108,서울,2017-07-13,27.6
108,서울,2017-07-14,28.7
108,서울,2017-07-15,25
108,서울,2017-07-16,26.2
108,서울,2017-07-17,26.8
108,서울,2017-07-18,26.5
108,서울,2017-07-19,28.3
108,서울,2017-07-20,29.9
108,서울,2017-07-21,29.8
108,서울,2017-07-22,29.3
108,서울,2017-07-23,27
108,서울,2017-07-24,26.2
108,서울,2017-07-25,29.4
108,서울,2017-07-26,28.7
108,서울,2017-07-27,27.1
108,서울,2017-07-28,25.5
108,서울,2017-07-29,27.2
108,서울,2017-07-30,27.9
108,서울,2017-07-31,25.7
108,서울,2017-08-01,28.6
108,서울,2017-08-02,30
108,서울,2017-08-03,30.2
108,서울,2017-08-04,30.3
108,서울,2017-08-05,31.4
108,서울,2017-08-06,29.8
108,서울,2017-08-07,29.2
108,서울,2017-08-08,28.2
108,서울,2017-08-09,27.6
108,서울,2017-08-10,24.8
108,서울,2017-08-11,27
108,서울,2017-08-12,27.8
108,서울,2017-08-13,26.3
108,서울,2017-08-14,24.6
108,서울,2017-08-15,21.9
108,서울,2017-08-16,23.3
108,서울,2017-08-17,24.8
108,서울,2017-08-18,26.3
108,서울,2017-08-19,26.1
108,서울,2017-08-20,23.2
108,서울,2017-08-21,25.8
108,서울,2017-08-22,27.3
108,서울,2017-08-23,27.2
108,서울,2017-08-24,26.5
108,서울,2017-08-25,25.3
108,서울,2017-08-26,24.2
108,서울,2017-08-27,22.7
108,서울,2017-08-28,21.5
108,서울,2017-08-29,19.5
108,서울,2017-08-30,19.8
108,서울,2017-08-31,22.2
108,서울,2017-09-01,23.3
108,서울,2017-09-02,23.8
108,서울,2017-09-03,23.7
108,서울,2017-09-04,24.6
108,서울,2017-09-05,21.9
108,서울,2017-09-06,20.6
108,서울,2017-09-07,22.4
108,서울,2017-09-08,24.3
108,서울,2017-09-09,23.8
108,서울,2017-09-10,23
108,서울,2017-09-11,21.2
108,서울,2017-09-12,22.1
108,서울,2017-09-13,21.4
108,서울,2017-09-14,22.4
108,서울,2017-09-15,22.6
108,서울,2017-09-16,22
108,서울,2017-09-17,23.1
108,서울,2017-09-18,21.9
108,서울,2017-09-19,22.6
108,서울,2017-09-20,19.5
108,서울,2017-09-21,20.3
108,서울,2017-09-22,20.6
108,서울,2017-09-23,21.8
108,서울,2017-09-24,22.4
108,서울,2017-09-25,23.4
108,서울,2017-09-26,25.1
108,서울,2017-09-27,22.7
108,서울,2017-09-28,19.2
108,서울,2017-09-29,17.4
108,서울,2017-09-30,20
108,서울,2017-10-01,18.2
108,서울,2017-10-02,22
108,서울,2017-10-03,17.6
108,서울,2017-10-04,16.7
108,서울,2017-10-05,18.7
108,서울,2017-10-06,18.9
108,서울,2017-10-07,21.9
108,서울,2017-10-08,23
108,서울,2017-10-09,22.5
108,서울,2017-10-10,21.4
108,서울,2017-10-11,15.5
108,서울,2017-10-12,11.4
108,서울,2017-10-13,12.8
108,서울,2017-10-14,14.4
108,서울,2017-10-15,15.8
108,서울,2017-10-16,16.6
108,서울,2017-10-17,16.2
108,서울,2017-10-18,16.5
108,서울,2017-10-19,17
108,서울,2017-10-20,17
108,서울,2017-10-21,17.6
108,서울,2017-10-22,16.3
108,서울,2017-10-23,13.7
108,서울,2017-10-24,14.4
108,서울,2017-10-25,14.4
108,서울,2017-10-26,14.5
108,서울,2017-10-27,16.9
108,서울,2017-10-28,17.2
108,서울,2017-10-29,11.5
108,서울,2017-10-30,7.7
108,서울,2017-10-31,10.4
108,서울,2017-11-01,14.4
108,서울,2017-11-02,15.5
108,서울,2017-11-03,12.3
108,서울,2017-11-04,7.8
108,서울,2017-11-05,8.4
108,서울,2017-11-06,11.4
108,서울,2017-11-07,14.4
108,서울,2017-11-08,13.1
108,서울,2017-11-09,9.4
108,서울,2017-11-10,9.8
108,서울,2017-11-11,5.9
108,서울,2017-11-12,5.3
108,서울,2017-11-13,8.4
108,서울,2017-11-14,7.5
108,서울,2017-11-15,3.2
108,서울,2017-11-16,1
108,서울,2017-11-17,3
108,서울,2017-11-18,-2.1
108,서울,2017-11-19,-1.6
108,서울,2017-11-20,-.4
108,서울,2017-11-21,1.3
108,서울,2017-11-22,4.3
108,서울,2017-11-23,.9
108,서울,2017-11-24,-.4
108,서울,2017-11-25,3
108,서울,2017-11-26,3.3
108,서울,2017-11-27,2.5
108,서울,2017-11-28,6.4
108,서울,2017-11-29,3.2
108,서울,2017-11-30,-2.4
108,서울,2017-12-01,-2.2
108,서울,2017-12-02,1.9
108,서울,2017-12-03,4.9
108,서울,2017-12-04,-1.2
108,서울,2017-12-05,-4.2
108,서울,2017-12-06,.2
108,서울,2017-12-07,.7
108,서울,2017-12-08,-3.8
108,서울,2017-12-09,-.5
108,서울,2017-12-10,1.1
108,서울,2017-12-11,-7
108,서울,2017-12-12,-9.4
108,서울,2017-12-13,-8.7
108,서울,2017-12-14,-6.6
108,서울,2017-12-15,-3
108,서울,2017-12-16,-5.7
108,서울,2017-12-17,-6.7
108,서울,2017-12-18,-1.6
108,서울,2017-12-19,-3.9
108,서울,2017-12-20,-3.9
108,서울,2017-12-21,-.9
108,서울,2017-12-22,3.4
108,서울,2017-12-23,6.1
108,서울,2017-12-24,2.9
108,서울,2017-12-25,-2.1
108,서울,2017-12-26,-3.8
108,서울,2017-12-27,-6.9
108,서울,2017-12-28,-2.1
108,서울,2017-12-29,2.1
108,서울,2017-12-30,1.4
108,서울,2017-12-31,-.3
108,서울,2018-01-01,-1.3
108,서울,2018-01-02,-1.8
108,서울,2018-01-03,-4.7
108,서울,2018-01-04,-4.7
108,서울,2018-01-05,-3
108,서울,2018-01-06,-2.8
108,서울,2018-01-07,-.8
108,서울,2018-01-08,1.3
108,서울,2018-01-09,-4.2
108,서울,2018-01-10,-7.5
108,서울,2018-01-11,-11.1
108,서울,2018-01-12,-10.2
108,서울,2018-01-13,-4.4
108,서울,2018-01-14,.6
108,서울,2018-01-15,4.7
108,서울,2018-01-16,3.5
108,서울,2018-01-17,4.5
108,서울,2018-01-18,2.1
108,서울,2018-01-19,1
108,서울,2018-01-20,2.2
108,서울,2018-01-21,.4
108,서울,2018-01-22,.2
108,서울,2018-01-23,-11.7
108,서울,2018-01-24,-14.2
108,서울,2018-01-25,-14
108,서울,2018-01-26,-14.8
108,서울,2018-01-27,-9.9
108,서울,2018-01-28,-6.3
108,서울,2018-01-29,-8.5
108,서울,2018-01-30,-5.3
108,서울,2018-01-31,-2.6
108,서울,2018-02-01,-4
108,서울,2018-02-02,-2.4
108,서울,2018-02-03,-7.3
108,서울,2018-02-04,-9.5
108,서울,2018-02-05,-9.4
108,서울,2018-02-06,-10.1
108,서울,2018-02-07,-8
108,서울,2018-02-08,-4.4
108,서울,2018-02-09,.4
108,서울,2018-02-10,-.5
108,서울,2018-02-11,-6.1
108,서울,2018-02-12,-5.8
108,서울,2018-02-13,-.8
108,서울,2018-02-14,3.5
108,서울,2018-02-15,-.7
108,서울,2018-02-16,-1.1
108,서울,2018-02-17,-3
108,서울,2018-02-18,-.4
108,서울,2018-02-19,1.8
108,서울,2018-02-20,.9
108,서울,2018-02-21,-.9
108,서울,2018-02-22,1.3
108,서울,2018-02-23,4.2
108,서울,2018-02-24,2.4
108,서울,2018-02-25,1.9
108,서울,2018-02-26,3.1
108,서울,2018-02-27,4.2
108,서울,2018-02-28,4.6
108,서울,2018-03-01,-.2
108,서울,2018-03-02,-.7
108,서울,2018-03-03,7.9
108,서울,2018-03-04,9.8
108,서울,2018-03-05,5.5
108,서울,2018-03-06,4.5
108,서울,2018-03-07,6.4
108,서울,2018-03-08,4.6
108,서울,2018-03-09,4.5
108,서울,2018-03-10,4.6
108,서울,2018-03-11,6.4
108,서울,2018-03-12,8
108,서울,2018-03-13,12.4
108,서울,2018-03-14,17
108,서울,2018-03-15,12.4
108,서울,2018-03-16,7.1
108,서울,2018-03-17,6.6
108,서울,2018-03-18,8.2
108,서울,2018-03-19,8
108,서울,2018-03-20,4.7
108,서울,2018-03-21,2.1
108,서울,2018-03-22,4.9
108,서울,2018-03-23,6.1
108,서울,2018-03-24,7.6
108,서울,2018-03-25,9.6
108,서울,2018-03-26,11
108,서울,2018-03-27,13.3
108,서울,2018-03-28,14
108,서울,2018-03-29,15.4
108,서울,2018-03-30,14.8
108,서울,2018-03-31,14
108,서울,2018-04-01,15.6
108,서울,2018-04-02,18.4
108,서울,2018-04-03,17.8
108,서울,2018-04-04,13.4
108,서울,2018-04-05,7.6
108,서울,2018-04-06,5.8
108,서울,2018-04-07,4.2
108,서울,2018-04-08,3.9
108,서울,2018-04-09,7.9
108,서울,2018-04-10,15.1
108,서울,2018-04-11,12.6
108,서울,2018-04-12,13.3
108,서울,2018-04-13,14.6
108,서울,2018-04-14,9
108,서울,2018-04-15,9.5
108,서울,2018-04-16,11.6
108,서울,2018-04-17,12.9
108,서울,2018-04-18,12.4
108,서울,2018-04-19,14
108,서울,2018-04-20,18.4
108,서울,2018-04-21,18.7
108,서울,2018-04-22,15.5
108,서울,2018-04-23,9.3
108,서울,2018-04-24,12.1
108,서울,2018-04-25,14.6
108,서울,2018-04-26,14.9
108,서울,2018-04-27,15.7
108,서울,2018-04-28,15.4
108,서울,2018-04-29,16.2
108,서울,2018-04-30,19.2
108,서울,2018-05-01,20.4
108,서울,2018-05-02,15.1
108,서울,2018-05-03,11.2
108,서울,2018-05-04,14.1
108,서울,2018-05-05,18.3
108,서울,2018-05-06,16.6
108,서울,2018-05-07,19.2
108,서울,2018-05-08,17.5
108,서울,2018-05-09,15.7
108,서울,2018-05-10,15.4
108,서울,2018-05-11,16.1
108,서울,2018-05-12,14.2
108,서울,2018-05-13,15.8
108,서울,2018-05-14,18.2
108,서울,2018-05-15,23.2
108,서울,2018-05-16,22.3
108,서울,2018-05-17,20.9
108,서울,2018-05-18,16.3
108,서울,2018-05-19,17.6
108,서울,2018-05-20,17
108,서울,2018-05-21,17.8
108,서울,2018-05-22,18.1
108,서울,2018-05-23,17.3
108,서울,2018-05-24,18.3
108,서울,2018-05-25,19.7
108,서울,2018-05-26,21.8
108,서울,2018-05-27,20.3
108,서울,2018-05-28,22.3
108,서울,2018-05-29,21.4
108,서울,2018-05-30,20.2
108,서울,2018-05-31,20.9
108,서울,2018-06-01,23.8
108,서울,2018-06-02,23.4
108,서울,2018-06-03,24
108,서울,2018-06-04,22.6
108,서울,2018-06-05,23.7
108,서울,2018-06-06,23
108,서울,2018-06-07,22.2
108,서울,2018-06-08,21.9
108,서울,2018-06-09,23.7
108,서울,2018-06-10,21.3
108,서울,2018-06-11,20.2
108,서울,2018-06-12,21.3
108,서울,2018-06-13,22
108,서울,2018-06-14,21.6
108,서울,2018-06-15,21.7
108,서울,2018-06-16,22.5
108,서울,2018-06-17,22.8
108,서울,2018-06-18,24.8
108,서울,2018-06-19,22.4
108,서울,2018-06-20,22.7
108,서울,2018-06-21,23.7
108,서울,2018-06-22,25
108,서울,2018-06-23,24.5
108,서울,2018-06-24,25.2
108,서울,2018-06-25,27.1
108,서울,2018-06-26,22.3
108,서울,2018-06-27,22.3
108,서울,2018-06-28,23.3
108,서울,2018-06-29,24.7
108,서울,2018-06-30,24.4
108,서울,2018-07-01,21.9
108,서울,2018-07-02,22.6
108,서울,2018-07-03,27.4
108,서울,2018-07-04,27.3
108,서울,2018-07-05,25.3
108,서울,2018-07-06,23.9
108,서울,2018-07-07,23.7
108,서울,2018-07-08,23.3
108,서울,2018-07-09,20.8
108,서울,2018-07-10,23.7
108,서울,2018-07-11,26.8
108,서울,2018-07-12,26.6
108,서울,2018-07-13,27.3
108,서울,2018-07-14,27.9
108,서울,2018-07-15,28.3
108,서울,2018-07-16,28.7
108,서울,2018-07-17,28.1
108,서울,2018-07-18,28.2
108,서울,2018-07-19,28.7
108,서울,2018-07-20,29.5
108,서울,2018-07-21,30.6
108,서울,2018-07-22,31.8
108,서울,2018-07-23,31.7
108,서울,2018-07-24,31.4
108,서울,2018-07-25,30.1
108,서울,2018-07-26,30.1
108,서울,2018-07-27,30.9
108,서울,2018-07-28,29.5
108,서울,2018-07-29,31.3
108,서울,2018-07-30,31.7
108,서울,2018-07-31,32.6
108,서울,2018-08-01,33.6
108,서울,2018-08-02,33.7
108,서울,2018-08-03,33.1
108,서울,2018-08-04,31.1
108,서울,2018-08-05,30
108,서울,2018-08-06,30.5
108,서울,2018-08-07,30.5
108,서울,2018-08-08,31
108,서울,2018-08-09,28.8
108,서울,2018-08-10,30.7
108,서울,2018-08-11,31
108,서울,2018-08-12,30.6
108,서울,2018-08-13,30.5
108,서울,2018-08-14,31.7
108,서울,2018-08-15,31.7
108,서울,2018-08-16,29.9
108,서울,2018-08-17,27.2
108,서울,2018-08-18,26.7
108,서울,2018-08-19,28.2
108,서울,2018-08-20,29.1
108,서울,2018-08-21,26.6
108,서울,2018-08-22,30.7
108,서울,2018-08-23,29.4
108,서울,2018-08-24,24.4
108,서울,2018-08-25,25.2
108,서울,2018-08-26,23.2
108,서울,2018-08-27,22.7
108,서울,2018-08-28,23.7
108,서울,2018-08-29,25.2
108,서울,2018-08-30,25.3
108,서울,2018-08-31,25.6
108,서울,2018-09-01,25.5
108,서울,2018-09-02,25.1
108,서울,2018-09-03,23.3
108,서울,2018-09-04,23.2
108,서울,2018-09-05,24
108,서울,2018-09-06,24.1
108,서울,2018-09-07,22
108,서울,2018-09-08,21.7
108,서울,2018-09-09,22.2
108,서울,2018-09-10,22.9
108,서울,2018-09-11,21.6
108,서울,2018-09-12,22.8
108,서울,2018-09-13,23.5
108,서울,2018-09-14,23.5
108,서울,2018-09-15,23.3
108,서울,2018-09-16,22.2
108,서울,2018-09-17,22.3
108,서울,2018-09-18,22
108,서울,2018-09-19,22.1
108,서울,2018-09-20,19
108,서울,2018-09-21,19.4
108,서울,2018-09-22,20.8
108,서울,2018-09-23,19.4
108,서울,2018-09-24,17.6
108,서울,2018-09-25,17.8
108,서울,2018-09-26,19.4
108,서울,2018-09-27,18.9
108,서울,2018-09-28,17.5
108,서울,2018-09-29,20.2
108,서울,2018-09-30,17.6
108,서울,2018-10-01,15.4
108,서울,2018-10-02,15.9
108,서울,2018-10-03,17.3
108,서울,2018-10-04,19.3
108,서울,2018-10-05,16.9
108,서울,2018-10-06,18
108,서울,2018-10-07,16.4
108,서울,2018-10-08,14.8
108,서울,2018-10-09,15.3
108,서울,2018-10-10,12
108,서울,2018-10-11,9.7
108,서울,2018-10-12,10.9
108,서울,2018-10-13,12.5
108,서울,2018-10-14,13.2
108,서울,2018-10-15,15.2
108,서울,2018-10-16,14.5
108,서울,2018-10-17,12.4
108,서울,2018-10-18,12.7
108,서울,2018-10-19,13.1
108,서울,2018-10-20,13.4
108,서울,2018-10-21,13.4
108,서울,2018-10-22,14
108,서울,2018-10-23,12.2
108,서울,2018-10-24,12.5
108,서울,2018-10-25,13.8
108,서울,2018-10-26,12.2
108,서울,2018-10-27,8.7
108,서울,2018-10-28,8.3
108,서울,2018-10-29,7.2
108,서울,2018-10-30,6.1
108,서울,2018-10-31,7.4
108,서울,2018-11-01,8.4
108,서울,2018-11-02,10.6
108,서울,2018-11-03,11.2
108,서울,2018-11-04,11.6
108,서울,2018-11-05,11.9
108,서울,2018-11-06,12.2
108,서울,2018-11-07,12.8
108,서울,2018-11-08,11.8
108,서울,2018-11-09,12.1
108,서울,2018-11-10,11.9
108,서울,2018-11-11,8.1
108,서울,2018-11-12,8.1
108,서울,2018-11-13,8.8
108,서울,2018-11-14,9.8
108,서울,2018-11-15,9.7
108,서울,2018-11-16,8.8
108,서울,2018-11-17,4.9
108,서울,2018-11-18,6.1
108,서울,2018-11-19,6.5
108,서울,2018-11-20,6.5
108,서울,2018-11-21,5.8
108,서울,2018-11-22,2.3
108,서울,2018-11-23,1.9
108,서울,2018-11-24,2.6
108,서울,2018-11-25,4.8
108,서울,2018-11-26,6.3
108,서울,2018-11-27,7.1
108,서울,2018-11-28,5
108,서울,2018-11-29,3.5
108,서울,2018-11-30,2.7
108,서울,2018-12-01,5.5
108,서울,2018-12-02,8.2
108,서울,2018-12-03,11.5
108,서울,2018-12-04,6.7
108,서울,2018-12-05,0
108,서울,2018-12-06,2.4
108,서울,2018-12-07,-7.3
108,서울,2018-12-08,-8.3
108,서울,2018-12-09,-7.2
108,서울,2018-12-10,-2.5
108,서울,2018-12-11,.2
108,서울,2018-12-12,-1.9
108,서울,2018-12-13,-2.2
108,서울,2018-12-14,-4.4
108,서울,2018-12-15,-2.4
108,서울,2018-12-16,0
108,서울,2018-12-17,1.6
108,서울,2018-12-18,2.6
108,서울,2018-12-19,4
108,서울,2018-12-20,3.4
108,서울,2018-12-21,5.6
108,서울,2018-12-22,6.9
108,서울,2018-12-23,2.4
108,서울,2018-12-24,-2.3
108,서울,2018-12-25,.6
108,서울,2018-12-26,-1.5
108,서울,2018-12-27,-10.1
108,서울,2018-12-28,-10.5
108,서울,2018-12-29,-7.6
108,서울,2018-12-30,-6.8
108,서울,2018-12-31,-5.4
108,서울,2019-01-01,-5
